Title,Video url,Duration in minutes
Ed Sheeran - Perfect (Karaoke Version),https://www.youtube.com/watch?v=sPMA1tqWuf4,4.93
Frozen - Let It Go (Idina Menzel) (Karaoke Version),https://www.youtube.com/watch?v=ifCAfAzOBJM,3.98
John Legend - All of Me (Karaoke With Backing Vocals),https://www.youtube.com/watch?v=kr8wPkdHFA0,4.85
Celine Dion - My Heart Will Go On (Karaoke Version),https://www.youtube.com/watch?v=cdgU8YmD3Kc,5.68
Elvis Presley - Can't Help Falling In Love (Karaoke Version),https://www.youtube.com/watch?v=gd4mB-zUcO8,3.57
Lady Gaga - Always Remember Us This Way (Karaoke Version),https://www.youtube.com/watch?v=9sVKwwSvvLw,3.68
"Lady Gaga, Bradley Cooper - Shallow (A Star Is Born) (Karaoke Version)",https://www.youtube.com/watch?v=_nHT_k9Rswc,3.75
Christina Perri - A Thousand Years (Karaoke With Backing Vocals),https://www.youtube.com/watch?v=j1V33b2ZEIo,5.02
Billie Eilish - lovely (with Khalid) (Karaoke Version),https://www.youtube.com/watch?v=CGXeSUtbhFk,3.57
Lewis Capaldi - Someone You Loved (Karaoke Version),https://www.youtube.com/watch?v=0H3KpRuwBZ8,3.38
Lukas Graham - 7 Years (Karaoke Version),https://www.youtube.com/watch?v=ALq8ihw4pwU,4.27
Alexandra Burke - Hallelujah (Karaoke Version),https://www.youtube.com/watch?v=e3C8Nh3DIwA,3.93
Calum Scott - You Are The Reason (Karaoke Version),https://www.youtube.com/watch?v=zMcfZyb5wCo,3.77
Whitney Houston - I Have Nothing (Karaoke Version),https://www.youtube.com/watch?v=CS1Xf9hfUCk,5.38
Jessie J - Flashlight (Karaoke Version),https://www.youtube.com/watch?v=pdheWX4oO1A,3.65
Queen - Bohemian Rhapsody (Karaoke Version),https://www.youtube.com/watch?v=9Lxm0iSnKNc,6.25
Auli'i Cravalho - How Far I'll Go (Karaoke Version),https://www.youtube.com/watch?v=a5LOjg1EiAk,3.18
TONES & I - DANCE MONKEY (Karaoke Version),https://www.youtube.com/watch?v=an0JKXnnrAY,3.83
Ed Sheeran - Shape Of You (Karaoke Version),https://www.youtube.com/watch?v=o71_MatpYV0,4.3
Rihanna - Diamonds (Karaoke Version),https://www.youtube.com/watch?v=7DzQs7dpNL8,4.08
Alicia Keys - If I Ain't Got You (Karaoke Version),https://www.youtube.com/watch?v=M5Q0eiMzup0,4.37
Ed Sheeran - Photograph (Karaoke Version),https://www.youtube.com/watch?v=XpXe2mXmhp0,4.62
Ruth B - Lost Boy (Karaoke Version),https://www.youtube.com/watch?v=8R1xIYOwxRA,4.92
ABBA - Dancing Queen (Karaoke Version),https://www.youtube.com/watch?v=WHayJZ3eMcE,4.27
Sia - Chandelier (Karaoke Version),https://www.youtube.com/watch?v=b3iox_qUaUE,3.9
Justin Bieber ft. Ludacris - Baby (Karaoke Version),https://www.youtube.com/watch?v=1a5SWpp9Wfg,3.97
Sam Smith - I'm Not The Only One (Classic Karaoke Version),https://www.youtube.com/watch?v=XcZX89Z0nVA,4.28
The Greatest Showman - A Million Dreams (Karaoke Version),https://www.youtube.com/watch?v=3f2X_gIJ_u4,4.77
Billie Eilish - idontwannabeyouanymore (Karaoke Version),https://www.youtube.com/watch?v=DUWfL7U-StI,3.78
Billie Eilish - idontwannabeyouanymore (Karaoke Version),https://www.youtube.com/watch?v=DUWfL7U-StI,3.78
Ed Sheeran - Thinking Out Loud (Karaoke Version),https://www.youtube.com/watch?v=Dd9W3PthynU,4.92
Olivia Rodrigo - drivers license (Karaoke Version),https://www.youtube.com/watch?v=C3y6jGCXiUA,4.28
The Greatest Showman - Never Enough (Karaoke Version),https://www.youtube.com/watch?v=0nxmS92MiSM,3.82
Jason Mraz - I'm Yours (Karaoke Version),https://www.youtube.com/watch?v=kn8YiDSYcq4,4.45
Alicia Keys - Girl On Fire (Karaoke Version),https://www.youtube.com/watch?v=rSWHCZoX2mE,4.07
David Guetta ft. Sia - Titanium (Karaoke Version),https://www.youtube.com/watch?v=32LB2DR_JM0,4.23
Miley Cyrus - The Climb (Karaoke Version),https://www.youtube.com/watch?v=FL9Hcz85CGw,4.27
Meghan Trainor ft. John Legend - Like I'm Gonna Lose You (Karaoke Version),https://www.youtube.com/watch?v=mawPX4US1l4,3.98
Taylor Swift - Blank Space (Backing Track),https://www.youtube.com/watch?v=EuOp_2Zcr8E,4.2
James Arthur - Say You Won't Let Go (Karaoke Version),https://www.youtube.com/watch?v=jb2T4ZXL6R4,4.12
Taylor Swift - You Belong With Me (Backing Track),https://www.youtube.com/watch?v=5B_dHpwfBXE,4.22
Sia - Snowman (Karaoke Version),https://www.youtube.com/watch?v=WWu83Z4pqss,2.97
The Little Mermaid - Part Of Your World (Karaoke Version),https://www.youtube.com/watch?v=wnWKoEATxh8,3.77
Alan Walker - Faded (Karaoke Version),https://www.youtube.com/watch?v=xf5rgfur4gw,3.63
Imagine Dragons - Believer (Karaoke Version),https://www.youtube.com/watch?v=sfbCZw_c2Zs,3.75
Whitney Houston - I Will Always Love You (Karaoke Version),https://www.youtube.com/watch?v=8kotNQ07ZEw,5.07
Let Her Go  - Passenger (Karaoke Version),https://www.youtube.com/watch?v=Ug_OM0WzVmA,4.38
Radiohead - Creep (Karaoke Version),https://www.youtube.com/watch?v=3WLy3AblvmQ,4.3
Camila Cabello ft. Young Thug - Havana (Karaoke Version),https://www.youtube.com/watch?v=dd2nfgicFds,3.97
Adele - Make You Feel My Love (Karaoke Version),https://www.youtube.com/watch?v=x8SpSPBeeUE,3.7
Rihanna - Stay ft. Mikky Ekko (Karaoke Version),https://www.youtube.com/watch?v=bhGqtMsp0-w,4.27
"Anna Kendrick - Cups (Pitch Perfect's ""When I'm Gone) (Karaoke Version)",https://www.youtube.com/watch?v=mNL7iE-CxXA,2.68
P!nk ft. Nate Ruess - Just Give Me A Reason (Karaoke Version),https://www.youtube.com/watch?v=SJVH11MFY7I,4.37
"Luis Fonsi, Daddy Yankee ft. Justin Bieber - Despacito (Karaoke Version)",https://www.youtube.com/watch?v=jRpDuEgqQQQ,4.37
Daniel Caesar ft. H.E.R. - Best Part (Karaoke Version),https://www.youtube.com/watch?v=otKYi0rYYx8,3.78
Jessie J ft. B.o.B - Price Tag (Karaoke Version),https://www.youtube.com/watch?v=hyB4iyq2tmw,4.1
Backstreet Boys - I Want It That Way (Karaoke Version),https://www.youtube.com/watch?v=NxilU56kPu0,4.2
Kelly Clarkson - Because Of You (Karaoke Version),https://www.youtube.com/watch?v=WWJyJGY1T2M,4.03
The Cranberries - Zombie (Karaoke Version),https://www.youtube.com/watch?v=m8CEEkqQiiY,5.28
Frank Sinatra - My Way (Karaoke Version),https://www.youtube.com/watch?v=tAEek8nO11c,4.88
Adele - Someone Like You (Karaoke Version),https://www.youtube.com/watch?v=BPRoNqB2XK8,5.03
Taylor Swift - Love Story (Backing Track),https://www.youtube.com/watch?v=ZqY3eONjX5k,4.25
Lionel Richie - Stuck On You (Karaoke Version),https://www.youtube.com/watch?v=s8CszZUic4w,3.45
Charlie Puth - One Call Away (Karaoke Version),https://www.youtube.com/watch?v=1hx2ynaUaHY,3.87
Adele - Rolling In The Deep (Karaoke Version),https://www.youtube.com/watch?v=LOd3u6FtkAk,4.12
Tangled - I See The Light (Karaoke Version),https://www.youtube.com/watch?v=FLgWioSXAQU,3.93
Goo Goo Dolls - Iris (Karaoke Version),https://www.youtube.com/watch?v=bi0hyLXusjo,3.93
Calum Scott - Dancing On My Own (Karaoke Version),https://www.youtube.com/watch?v=DvEXv4Shx7s,4.9
The Calling - Wherever You Will Go (Karaoke Version),https://www.youtube.com/watch?v=sTGFkbjK3IU,3.62
Olivia Rodrigo - traitor (Karaoke Version),https://www.youtube.com/watch?v=wvpoGzmd5v4,4.22
One Direction - Night Changes (Karaoke Version),https://www.youtube.com/watch?v=kH9_meN7WqQ,4.1
Miley Cyrus - Wrecking Ball (Karaoke Version),https://www.youtube.com/watch?v=S78RmvtH79Y,4
"ZAYN, Zhavia Ward - A Whole New World (Karaoke Version)",https://www.youtube.com/watch?v=OfwnWaFP_bc,4.25
Aerosmith - I Don't Want To Miss A Thing (Karaoke Version),https://www.youtube.com/watch?v=s9Qc54Jp-6M,5.63
Beyonce - If I Were A Boy (Karaoke Version),https://www.youtube.com/watch?v=56kZ5BYfO6E,4.45
Demi Lovato - Stone Cold (Karaoke Version),https://www.youtube.com/watch?v=yFOxf2Y0H1g,3.85
Sam Smith - Stay With Me (Karaoke Version),https://www.youtube.com/watch?v=7C8034DlmIM,3.2
Little Mix ft. Jason Derulo - Secret Love Song (Karaoke Version),https://www.youtube.com/watch?v=FWJtQj_Okpc,4.78
"Olivia Newton John - Hopelessly Devoted To You from ""Grease"" (Karaoke Version)",https://www.youtube.com/watch?v=jF4xOhCdrlo,3.33
Andra Day - Rise Up (Karaoke Version),https://www.youtube.com/watch?v=J_E1mLcgYq4,4.67
Sam Smith - Lay Me Down (Karaoke Version),https://www.youtube.com/watch?v=UuGannvDvQk,4.1
Frozen 2 - Into The Unknown (Karaoke Version),https://www.youtube.com/watch?v=9rnQFsbDa3o,3.65
Naomi Scott - Speechless (Karaoke Version),https://www.youtube.com/watch?v=wqE5j1TQWVs,3.62
Vance Joy - Riptide (Karaoke Version),https://www.youtube.com/watch?v=XWq1hK6XtjU,3.77
"John Denver - Take Me Home, Country Roads (Karaoke Version)",https://www.youtube.com/watch?v=7aNW9hRKYA8,3.63
Meghan Trainor - Dear Future Husband (Karaoke Version),https://www.youtube.com/watch?v=Ny2EbG0ddx4,3.52
Keane - Somewhere Only We Know (Karaoke Version),https://www.youtube.com/watch?v=l5shwZTwHec,4.22
Eric Clapton - Wonderful Tonight (Karaoke Version),https://www.youtube.com/watch?v=WDXiPavQjNg,3.8
4 Non Blondes - What's Up (Karaoke Version),https://www.youtube.com/watch?v=oLShwvZopls,5.25
Simple Plan - Perfect (Karaoke Version),https://www.youtube.com/watch?v=5f15CcwlluQ,4.85
"Jessie J, Ariana Grande and Nicki Minaj - Bang Bang (Karaoke Version)",https://www.youtube.com/watch?v=u1OG4gBcPaA,3.63
Wham! - Last Christmas (Single Edit) (Karaoke Version),https://www.youtube.com/watch?v=kaBRnhxPLdE,4.9
"Ysabelle - I Like You So Much, You'll Know It (Karaoke Version)",https://www.youtube.com/watch?v=wHrs4LjdKw4,3.72
John Lennon - Imagine (Karaoke Version),https://www.youtube.com/watch?v=MR70Dg0_o1A,3.43
Rod Stewart - I Don't Want To Talk About It (Karaoke Version),https://www.youtube.com/watch?v=BdReRY0VIRg,4.83
Lil Nas X ft. Billy Ray Cyrus - Old Town Road (Remix) (Karaoke Version),https://www.youtube.com/watch?v=exPFJVbIz0c,2.9
John Legend - All Of Me (Karaoke Version),https://www.youtube.com/watch?v=6VoT-KrseHA,4.78
Ellie Goulding - Love Me Like You Do (Karaoke Version),https://www.youtube.com/watch?v=tW0UjwMOQz8,4.6
OneRepublic - Counting Stars (Karaoke Version),https://www.youtube.com/watch?v=3EG3CfTv4lQ,4.6
Bon Jovi - Always (Karaoke Version),https://www.youtube.com/watch?v=RBgimRYxorE,6.25
Frank Sinatra - Fly Me To The Moon (Karaoke Version),https://www.youtube.com/watch?v=VvjWl7lvrnk,2.77
The Chainsmokers ft. Halsey - Closer (Karaoke Version),https://www.youtube.com/watch?v=r0A_1UbB70o,4.23
Britney Spears - ...Baby One More Time (Karaoke Version),https://www.youtube.com/watch?v=PYpU2TxIzAM,4.12
Taylor Swift - Back To December (Karaoke Version),https://www.youtube.com/watch?v=VHpK1i6XnkY,5.47
"gnash - i hate u, i love u (feat. Olivia O'Brien) (Karaoke Version)",https://www.youtube.com/watch?v=_Bti9H8Y24U,4.48
"Shawn Mendes, Camila Cabello - Señorita (Karaoke Version)",https://www.youtube.com/watch?v=kC8jBnooHgs,3.5
Ariana Grande - 7 Rings (Karaoke Version),https://www.youtube.com/watch?v=7BfhCUB_YkI,3.15
Amy Winehouse - Back To Black (Karaoke Version),https://www.youtube.com/watch?v=nturlhtt7WA,4.37
Ariana Grande - Dangerous Woman (Karaoke Version),https://www.youtube.com/watch?v=jppqAygqVTc,4.4
Imagine Dragons - Demons (Karaoke Version),https://www.youtube.com/watch?v=TsCPrboDunw,3.38
Chris Stapleton - Tennessee Whiskey (Karaoke Version),https://www.youtube.com/watch?v=DVxVXBpi7vc,5.25
Evanescence - Bring Me To Life (Karaoke Version),https://www.youtube.com/watch?v=frpfRwGv6KU,4.6
Demi Lovato - Skyscraper (Karaoke Version),https://www.youtube.com/watch?v=PHfZnrXNyiA,4.4
Emeli Sandé - Read All About It Pt. III (Karaoke Version),https://www.youtube.com/watch?v=KDbafD4FQRk,5.05
Olivia Rodrigo - happier (Karaoke Version),https://www.youtube.com/watch?v=or1_3KMpp3Y,3.37
Hozier - Take Me To Church (Karaoke Version),https://www.youtube.com/watch?v=2bb67GtsI80,4.2
Rihanna - Take A Bow (Karaoke Version),https://www.youtube.com/watch?v=femohd7zllQ,4.72
Miley Cyrus - Flowers (Karaoke Version),https://www.youtube.com/watch?v=fO4wsNsXtDg,3.48
Journey - Don't Stop Believin' (Karaoke Version),https://www.youtube.com/watch?v=c8wn2fMYvns,4.6
Billie Eilish - bad guy (Karaoke Version),https://www.youtube.com/watch?v=GsFlbMS7UIc,3.55
Olivia Rodrigo - All I Want (Karaoke Version),https://www.youtube.com/watch?v=DqqsTljY3PA,3.23
Sam Smith - Too Good At Goodbyes (Karaoke Version),https://www.youtube.com/watch?v=yiOHvS4rP5c,3.82
Taylor Swift - Shake It Off (Karaoke Version),https://www.youtube.com/watch?v=-i5MU14JLdw,4.17
Justin Bieber - Sorry (Karaoke Version),https://www.youtube.com/watch?v=9CLvFIsp9oo,3.9
Whitney Houston - The Greatest Love Of All (Karaoke Version),https://www.youtube.com/watch?v=aQEg6dwLFDc,5.27
The Script - The Man Who Can't Be Moved (Karaoke Version),https://www.youtube.com/watch?v=Im2A5pbWis8,4.22
Duncan Laurence - Arcade (Karaoke Version),https://www.youtube.com/watch?v=19Kju46x324,3.27
Ben E. King - Stand By Me (Karaoke Version),https://www.youtube.com/watch?v=OU3699R53rs,3.4
Richard Marx - Right Here Waiting (Karaoke Version),https://www.youtube.com/watch?v=jZ8o_ZGt9QY,4.55
Magic! - Rude (Karaoke Version),https://www.youtube.com/watch?v=QQre5RbiyGM,4.05
Tangled - When Will My Life Begin (Karaoke Version),https://www.youtube.com/watch?v=aoVtLhhPtSc,2.77
Miley Cyrus - Party In The USA (Karaoke Version),https://www.youtube.com/watch?v=kfa-26JfdDA,3.97
The Greatest Showman - Rewrite The Stars (Karaoke Version),https://www.youtube.com/watch?v=mayU6Gqpg9Y,4.1
Miley Cyrus - Angels Like You (Karaoke Version),https://www.youtube.com/watch?v=H5iZ0PMJa0U,3.67
Queen - Love Of My Life (Karaoke Version),https://www.youtube.com/watch?v=rGTHC4I_JPk,3.83
Katy Perry - Roar (Karaoke Version),https://www.youtube.com/watch?v=hMF4h0gYN-0,4.17
The Chainsmokers feat. Daya - Don't Let Me Down (Karaoke Version),https://www.youtube.com/watch?v=5FHDnD-VcHI,4.05
"A Great Big World, Christina Aguilera - Say Something (Karaoke Version, No Backing Vocals)",https://www.youtube.com/watch?v=DhQ46uh2vBU,4.4
Jason Mraz - I Won't Give Up (Karaoke Version),https://www.youtube.com/watch?v=UdxPKQ0_PdE,4.4
Justin Bieber - Love Yourself (Karaoke Version),https://www.youtube.com/watch?v=mY00uFz5bTA,4.28
Meghan Trainor - All About That Bass (Karaoke Version),https://www.youtube.com/watch?v=m3dSO95AALI,3.63
The Beatles - Let It Be (Karaoke Version),https://www.youtube.com/watch?v=OhRUYf_yn_s,4.02
The Police - Every Breath You Take (Karaoke Version),https://www.youtube.com/watch?v=gKjIiaAXfDs,4.32
Mark Ronson ft. Amy Winehouse - Valerie (Karaoke Version),https://www.youtube.com/watch?v=yH2mILMKC-0,3.98
Dua Lipa - New Rules (Karaoke Version),https://www.youtube.com/watch?v=TsEYfkT4eF8,3.8
Shawn Mendes - Treat You Better (Karaoke Version),https://www.youtube.com/watch?v=QIJQ7dxuKgY,3.68
"Mena Massoud, Naomi Scott  - A Whole New World (Karaoke Version)",https://www.youtube.com/watch?v=4hwpLK7CWVM,3.02
Christina Perri - A Thousand Years (Karaoke Version),https://www.youtube.com/watch?v=85zr83teaug,4.7
George Michael - Careless Whisper (Karaoke Version),https://www.youtube.com/watch?v=1TIeDbnzp9M,5.73
Sia - Cheap Thrills (Karaoke Version),https://www.youtube.com/watch?v=LqrqgALM1Ug,3.98
Harry Styles - Sign Of The Times (Karaoke Version),https://www.youtube.com/watch?v=vAjEtYdqhTA,6.1
Nicki Minaj - Super Bass (Karaoke Version),https://www.youtube.com/watch?v=20GjgF_3faw,3.72
Gloria Gaynor - I Will Survive (Karaoke Version),https://www.youtube.com/watch?v=FsUa8P-L2Ag,3.83
Madison Beer - Reckless (Karaoke Version),https://www.youtube.com/watch?v=xbUHj4bQ5Ew,3.68
3 Doors Down - Here Without You (Karaoke Version),https://www.youtube.com/watch?v=OzmFgCQftmc,4.25
Billie Eilish - Ocean Eyes (Karaoke Version),https://www.youtube.com/watch?v=rqF-W9QBHUQ,3.67
Billie Eilish - Ocean Eyes (Karaoke Version),https://www.youtube.com/watch?v=rqF-W9QBHUQ,3.67
Lady Gaga - Bad Romance (Karaoke Version),https://www.youtube.com/watch?v=Ep0-h-rGHRk,5.37
Ruth B - Dandelions (Karaoke Version),https://www.youtube.com/watch?v=UjejKDLIrRk,4.17
Conan Gray - Heather (Karaoke Version),https://www.youtube.com/watch?v=WwUYq7kr9dU,3.63
Stevie Wonder - I Just Called To Say I Love You (Karaoke Version),https://www.youtube.com/watch?v=x-ufoMYaVYE,4.9
Lana Del Rey - Young And Beautiful (Karaoke Version),https://www.youtube.com/watch?v=w54NfoUuhXo,4.23
Lady A - Need You Now (Karaoke Version),https://www.youtube.com/watch?v=U4j8UroIWqU,4.32
Colbie Caillat - Bubbly (Karaoke Version),https://www.youtube.com/watch?v=X_fmt_y2AzM,3.65
"Ariana Grande, John Legend - Beauty & The Beast (Karaoke Version)",https://www.youtube.com/watch?v=RH43YE20y-0,4.18
Ariana Grande - One Last Time (Karaoke Version),https://www.youtube.com/watch?v=Ca-PCQ2LMk4,3.62
ABBA - Mamma Mia (Karaoke Version),https://www.youtube.com/watch?v=1YN5Emwwoss,3.73
Maroon 5 - Memories (Karaoke Version),https://www.youtube.com/watch?v=KSr0TJH5m-Q,3.62
"Marshmello, Anne Marie - FRIENDS (Karaoke Version)",https://www.youtube.com/watch?v=6ela2HnWEBk,3.68
Whitney Houston - I Wanna Dance With Somebody (Who Loves Me) (Karaoke Version),https://www.youtube.com/watch?v=st-yPBxRVPM,5.45
The Greatest Showman - This Is Me (Karaoke Version),https://www.youtube.com/watch?v=V59psMbygfI,4.22
Paramore - The Only Exception (Karaoke Version),https://www.youtube.com/watch?v=yCXcs2B8du0,4.82
Shawn Mendes - There's Nothing Holding Me Back (Karaoke Version),https://www.youtube.com/watch?v=69mrR_Lc_yA,3.75
Charlie Puth - Attention (Karaoke Version),https://www.youtube.com/watch?v=6I3lHjuNn7g,3.93
Charlie Puth ft. Selena Gomez - We Don't Talk Anymore (Karaoke Version),https://www.youtube.com/watch?v=IUmIIBeYr1I,4.33
Whitney Houston - One Moment In Time (Karaoke Version),https://www.youtube.com/watch?v=TPl0fZ5lK20,5.18
Josh Groban - You Raise Me Up (Karaoke Version),https://www.youtube.com/watch?v=btwJm_mV-84,5.12
Lewis Capaldi - Before You Go (Karaoke Version),https://www.youtube.com/watch?v=5_3hSGhcuo0,3.93
XXXTENTACION - Changes (Karaoke Version),https://www.youtube.com/watch?v=qfmxYHMWjwQ,2.35
Labrinth - Jealous (Karaoke Version),https://www.youtube.com/watch?v=uVAt8WqEJhE,5.05
Oasis - Wonderwall (Karaoke Version),https://www.youtube.com/watch?v=R_EXyGWI9rU,4.85
Céline Dion - Because You Loved Me (Karaoke Version),https://www.youtube.com/watch?v=sPu9jduC1HI,4.97
Mariah Carey - O Holy Night (Karaoke Version),https://www.youtube.com/watch?v=9zYS2GVCWRM,4.8
Whitney Houston - Saving All My Love For You (Karaoke Version),https://www.youtube.com/watch?v=KTxLR8GOUt4,4.17
Birdy - Skinny Love (Karaoke Version),https://www.youtube.com/watch?v=sndK-GAOLPM,3.73
BLACKPINK - How You Like That (Karaoke Version),https://www.youtube.com/watch?v=9F3bo-bu07s,3.35
Alessia Cara - How Far I'll Go (Karaoke Version),https://www.youtube.com/watch?v=z3QKTOUC6H8,3.17
Ronan Keating - When You Say Nothing At All (Karaoke Version),https://www.youtube.com/watch?v=p8p0z_w0Juk,4.58
Angeline Quinto - Till I Met You (Karaoke Version),https://www.youtube.com/watch?v=6bYMHkKGR5Y,4.15
Frozen - For The First Time In Forever (Idina Menzel and Kristen Bell) (Karaoke Version),https://www.youtube.com/watch?v=rmQ_n0rJ7JE,4.02
Michael Jackson - Billie Jean (Karaoke Version),https://www.youtube.com/watch?v=eXqBhDAlVCc,5.62
Leona Lewis - Bleeding Love (Valentine's Day Karaoke),https://www.youtube.com/watch?v=BsjLCISj4kU,4.77
Anne Marie - 2002 (Karaoke Version),https://www.youtube.com/watch?v=xb3oMef3hnc,3.4
Christina Perri - Human (Karaoke Version),https://www.youtube.com/watch?v=yqubSu9RbSM,4.53
Ariana Grande ft. Nicki Minaj - Side To Side (Karaoke Version),https://www.youtube.com/watch?v=GlkwnJTIrcI,4.38
Lionel Richie & Diana Ross - Endless Love (Karaoke Version),https://www.youtube.com/watch?v=yYgFs1_BUV0,4.63
Melanie Martinez - Dollhouse (Karaoke Version),https://www.youtube.com/watch?v=Ic76QuFskME,4.18
Foreigner - I Want To Know What Love Is (Karaoke Version),https://www.youtube.com/watch?v=p1r1DHgYm9Y,5.12
Carrie Underwood - Before He Cheats (Karaoke Version),https://www.youtube.com/watch?v=AqYrOoZpsjg,3.65
Shakira - Waka Waka (This Time For Africa) (Karaoke Version),https://www.youtube.com/watch?v=DHXrbMX7fPw,3.73
Jessie J - Domino (Karaoke Version),https://www.youtube.com/watch?v=GZ_ROLrdvPI,4.23
The Righteous Brothers - Unchained Melody (Karaoke Version),https://www.youtube.com/watch?v=dqIzep89HBw,3.88
Billie Eilish - when the party's over (Karaoke Version),https://www.youtube.com/watch?v=sluLx2JlLqw,3.38
Billie Eilish - when the party's over (Karaoke Version),https://www.youtube.com/watch?v=sluLx2JlLqw,3.38
Ariana Grande ft. Nathan Sykes - Almost Is Never Enough (Karaoke Version),https://www.youtube.com/watch?v=4G4tntY30Qw,3.78
Frozen 2 - Show Yourself (Karaoke Version),https://www.youtube.com/watch?v=zGqZZQablfY,4.68
The Neighbourhood - Sweater Weather (Karaoke Version),https://www.youtube.com/watch?v=0k91tvnkmMc,4.3
BTS - Dynamite (Karaoke Version),https://www.youtube.com/watch?v=V9aFf48jLPQ,3.68
Clean Bandit ft. Sean Paul & Anne-Marie  - Rockabye (Karaoke Version),https://www.youtube.com/watch?v=Gl78zFKbQbE,4.55
The Beatles - Yesterday (Karaoke Version),https://www.youtube.com/watch?v=uw3zzQ-5g4o,2.37
JVKE - golden hour (Karaoke Version),https://www.youtube.com/watch?v=ju03AIeny2Q,3.55
Hoobastank - The Reason (Karaoke Version),https://www.youtube.com/watch?v=Mk5JYEFcGnU,4.18
Cyndi Lauper - Girls Just Want To Have Fun (Karaoke Version),https://www.youtube.com/watch?v=-Fg7m1ZqkxI,4.12
Gotye and Kimbra - Somebody That I Used To Know (Karaoke Version),https://www.youtube.com/watch?v=toHUpXZRgTQ,4.42
High School Musical - Breaking Free (Karaoke Version),https://www.youtube.com/watch?v=YwP9YSnOayk,3.77
Sia - Unstoppable (Karaoke Version),https://www.youtube.com/watch?v=v464ay9eei0,4.13
Bobby Helms - Jingle Bell Rock (Karaoke Version),https://www.youtube.com/watch?v=u0yAWWpqFHQ,2.53
Billie Eilish - i love you (Karaoke Version),https://www.youtube.com/watch?v=PTmcRmDyJlY,5.12
Britney Spears - Toxic (Karaoke Version),https://www.youtube.com/watch?v=prgoLEZTit0,3.63
The Beatles - Hey Jude (Karaoke Version),https://www.youtube.com/watch?v=enmHYsoCMkQ,7.8
*NSYNC - This I Promise You (Karaoke Version),https://www.youtube.com/watch?v=yFeX4dRdi_o,4.72
Lady Gaga - I'll Never Love Again (Karaoke Version),https://www.youtube.com/watch?v=lOx30dknDos,5
Britney Spears - Everytime (Karaoke Version),https://www.youtube.com/watch?v=2EaDDg5tVUg,4.38
Louis Armstrong - What A Wonderful World (Karaoke Version),https://www.youtube.com/watch?v=nkaOdoxNTB0,2.72
Taylor Swift - Look What You Made Me Do (Karaoke Version),https://www.youtube.com/watch?v=Rbtq0bHlvmU,3.78
Demi Lovato - Heart Attack (Karaoke Version),https://www.youtube.com/watch?v=_vdDJ4qNHAI,3.87
Pink Sweat$ - At My Worst (Karaoke Version),https://www.youtube.com/watch?v=FsKcCqLS91w,3.22
Billie Eilish - everything i wanted (Karaoke Version),https://www.youtube.com/watch?v=0J_z7RjLZfo,4.32
Neil Diamond  - Sweet Caroline (Karaoke Version),https://www.youtube.com/watch?v=srLoAl1mhFw,4.02
Plain White T's - Hey There Delilah (Karaoke Version),https://www.youtube.com/watch?v=ZakEbWobIj0,4.42
Hillsong UNITED - Oceans (Where Feet May Fail) (Karaoke Version),https://www.youtube.com/watch?v=RYcjiDrljHI,9.2
BLACKPINK - Kill This Love (Karaoke version),https://www.youtube.com/watch?v=YoWJa7GWzk4,3.5
Imagine Dragons - Bad Liar (Karaoke Version),https://www.youtube.com/watch?v=z2-8U9XeArs,4.55
Westlife - My Love (Karaoke Version),https://www.youtube.com/watch?v=SMBliIvBigU,4.05
Carly Rae Jepsen - Call Me Maybe (Karaoke Version),https://www.youtube.com/watch?v=qG520Uw8lUA,3.58
"Dove Cameron - If Only (from Disney ""Descendants"") (Karaoke Version)",https://www.youtube.com/watch?v=fTRa0BuPlwA,4.27
Beauty And The Beast - Tale As Old As Time (Karaoke Version),https://www.youtube.com/watch?v=dWoGvNofjbM,2.92
Britney Spears - Sometimes (Karaoke Version),https://www.youtube.com/watch?v=Z3r9X3_37LQ,4.07
Lady Gaga - Million Reasons (Karaoke Version),https://www.youtube.com/watch?v=BliQLvRf2EI,3.77
Olivia Rodrigo - deja vu (Karaoke Version),https://www.youtube.com/watch?v=8iBJPvRXqgQ,3.98
Cardi B - Bodak Yellow (Karaoke Version),https://www.youtube.com/watch?v=1g8S-enLQ60,3.85
We The Kings ft. Elena Coats - Sad Song (Karaoke Version),https://www.youtube.com/watch?v=g94DBEV1kVA,3.98
Evanescence - My Immortal (Karaoke Version),https://www.youtube.com/watch?v=Dv4s4KFptCE,5.03
Ed Sheeran - The A Team (Karaoke Version),https://www.youtube.com/watch?v=t4ePY7LqFV4,4.67
Christina Aguilera - Reflection (Karaoke Version),https://www.youtube.com/watch?v=xr_iai07tes,3.87
Clean Bandit ft. Zara Larsson - Symphony (Karaoke Version),https://www.youtube.com/watch?v=Azyv_umdqvk,3.93
Imagine Dragons - Radioactive (Karaoke Version),https://www.youtube.com/watch?v=eGpM33XHyoE,3.68
Meghan Trainor - NO (Karaoke Version),https://www.youtube.com/watch?v=Qcc9zdXowPQ,4.3
LeAnn Rimes - How Do I Live (Karaoke Version),https://www.youtube.com/watch?v=34xr8xYLYPo,5.13
Paloma Faith - Only Love Can Hurt Like This (Karaoke Version),https://www.youtube.com/watch?v=sNuLpPuWM68,4.33
Cyndi Lauper - Time After Time (Karaoke Version),https://www.youtube.com/watch?v=zmrme4ulxIY,4.87
Ariana Grande and Zedd - Break Free (Karaoke Version),https://www.youtube.com/watch?v=L2YJD9urLdA,3.93
James Bay - Let It Go (Karaoke Version),https://www.youtube.com/watch?v=nhv788BMisk,4.73
Adele - Set Fire To The Rain (Karaoke Version),https://www.youtube.com/watch?v=C02apNNsmeI,4.37
Queen - I Want To Break Free (Karaoke Version),https://www.youtube.com/watch?v=y_IIuMX0rHA,4.67
Billie Eilish - No Time To Die (Karaoke Version),https://www.youtube.com/watch?v=ioqGmaBHUrk,4.32
"SLANDER, Dylan Matthew - Love Is Gone (Acoustic) (Karaoke Version)",https://www.youtube.com/watch?v=3AnKy-mzUXQ,3.3
Maroon 5 - Sugar (Karaoke Version),https://www.youtube.com/watch?v=PqX8aA6w4bM,4.28
"ZAYN, Sia - Dusk Till Dawn (Karaoke Version)",https://www.youtube.com/watch?v=NvP568DzP5c,4.67
Selena Gomez - Love You Like A Love Song (Karaoke Version),https://www.youtube.com/watch?v=t_4bSwL7-8w,3.4
Lauren Daigle - You Say (Karaoke Version),https://www.youtube.com/watch?v=EgU_KyzoMZg,4.68
Lionel Richie - Hello (Karaoke Version),https://www.youtube.com/watch?v=uixkkqOQoD0,4.22
Air Supply - All Out Of Love (Karaoke Version),https://www.youtube.com/watch?v=FBQeaKYmZtA,4.22
Les Miserables - I Dreamed A Dream (Karaoke Version),https://www.youtube.com/watch?v=ruviSIVo-TM,5.05
Whitney Houston (With Mariah Carey) - When You Believe (Karaoke Version),https://www.youtube.com/watch?v=bHrUsofyXFk,5.62
One Direction - Drag Me Down (Karaoke Version),https://www.youtube.com/watch?v=WHLKZDMUR6o,3.57
Lonestar - Amazed (Karaoke Version),https://www.youtube.com/watch?v=HHigjZSmsSs,4.32
Khalid - Location (Karaoke Version),https://www.youtube.com/watch?v=pgDxe8JO_wY,3.12
Giveon - HEARTBREAK ANNIVERSARY (Karaoke Version),https://www.youtube.com/watch?v=nRD8iFBRruw,3.6
Justin Bieber and Nicki Minaj - Beauty And A Beat (Karaoke Version),https://www.youtube.com/watch?v=xO3u3T8ztsA,4.15
Robbie Williams - Angels (Karaoke Version),https://www.youtube.com/watch?v=pGFEj-Dv3-0,4.73
Whitney Houston - Didn't We Almost Have It All (Karaoke Version),https://www.youtube.com/watch?v=16MeABER5xg,4.95
Descendants 3 - Queen Of Mean (Karaoke Version),https://www.youtube.com/watch?v=BRWpIbuGa1M,3.42
Aurora - Runaway (Karaoke Version),https://www.youtube.com/watch?v=NqFeNHOwv7c,4.45
Alessia Cara - Scars To Your Beautiful (Karaoke Version),https://www.youtube.com/watch?v=fD8lvKK_keM,4.42
Brenda Lee - Rockin' Around The Christmas Tree (Karaoke Version),https://www.youtube.com/watch?v=dETgVcucAxo,2.43
"BLACKPINK, Selena Gomez - Ice Cream (Karaoke Version)",https://www.youtube.com/watch?v=N7kV59gpJjg,3.33
Sam Smith - I'm Not The Only One (Karaoke Version),https://www.youtube.com/watch?v=7LOW-zFO380,4.17
Dua Lipa - Levitating (Karaoke Version),https://www.youtube.com/watch?v=nK9hD9_SAdU,3.78
Maroon 5 - This Love (Karaoke Version),https://www.youtube.com/watch?v=BXvaGeVKNIw,4
ABBA - Chiquitita (Karaoke Version),https://www.youtube.com/watch?v=1gRQKAivLns,5.55
Tom Jones - I Know (Karaoke Version),https://www.youtube.com/watch?v=l4lHAiYGzdE,4.28
Charlie Puth ft. Meghan Trainor - Marvin Gaye (Karaoke Version),https://www.youtube.com/watch?v=fQcKB3IEK9k,3.53
"Milo Manheim, Meg Donnelly - Someday (from ""ZOMBIES"") (Karaoke Version)",https://www.youtube.com/watch?v=UzP_Fqbdry0,3.35
Halsey - Without Me (Karaoke Version),https://www.youtube.com/watch?v=_QC9OSgbmC8,3.62
Iggy Azalea and Charli Xcx - Fancy (Karaoke Version),https://www.youtube.com/watch?v=nrV7e6ASomM,3.58
"Ariana Grande - thank u, next (Karaoke Version)",https://www.youtube.com/watch?v=KqrDah9PD_c,3.67
Miley Cyrus - When I Look At You (Karaoke Version),https://www.youtube.com/watch?v=TQ_2f80tE-w,4.5
Julia Michaels - Issues (Karaoke Version),https://www.youtube.com/watch?v=SfYXCwmgOoc,3.35
Justin Bieber - Boyfriend (Karaoke Version),https://www.youtube.com/watch?v=LYI2Gwxqiag,3.23
Green Day - Wake Me Up When September Ends (Karaoke Version),https://www.youtube.com/watch?v=PE9rE3E-fGo,5.02
Christina Aguilera - Beautiful (Karaoke Version),https://www.youtube.com/watch?v=bkkkbniDtHA,4.58
Mandy Moore - Only Hope (Karaoke Version),https://www.youtube.com/watch?v=arpSSvad-Uk,4.15
One Direction - What Makes You Beautiful (Karaoke Version),https://www.youtube.com/watch?v=SLrJwiLsa9A,3.72
The Weeknd - Save Your Tears (Karaoke Version),https://www.youtube.com/watch?v=n4dG93qt0B8,3.93
Eric Clapton - Tears In Heaven (Karaoke Version),https://www.youtube.com/watch?v=08SGDHJ2fLY,4.63
Green Day - Boulevard Of Broken Dreams (Karaoke Version),https://www.youtube.com/watch?v=r8BdFXaYE8s,4.95
Ariana Grande - Santa Tell Me (Karaoke Version),https://www.youtube.com/watch?v=QzFDehvDcdU,3.85
Lana Del Rey - Video Games (Karaoke Version),https://www.youtube.com/watch?v=AOVyQC67Q4g,5.3
Everybody Loves An Outlaw -  I See Red (Karaoke Version),https://www.youtube.com/watch?v=r7vAruZVl88,4.2
Billie Eilish - wish you were gay (Karaoke Version),https://www.youtube.com/watch?v=IOzAmILqFkI,4.03
Grace VanderWaal - I Don't Know My Name (Karaoke Version),https://www.youtube.com/watch?v=dlNbMMkldi0,2.93
"Matt Redman - 10,000 Reasons (Bless The Lord) (Karaoke Version)",https://www.youtube.com/watch?v=vWdqDmjQuaE,4.57
Roxette - It Must Have Been Love (Karaoke Version),https://www.youtube.com/watch?v=MPc1NApGnQM,4.63
Hercules - I Won't Say (I'm In Love) (Karaoke Version),https://www.youtube.com/watch?v=QJmL664nLhA,2.57
Rihanna - Unfaithful (Karaoke Version),https://www.youtube.com/watch?v=bhUe11gw23I,4.08
Katy Perry ft. Juicy J - Dark Horse (Karaoke Version),https://www.youtube.com/watch?v=0NV85akrcHo,4
ROSÉ - Gone (Karaoke Version),https://www.youtube.com/watch?v=odgQHiemvXA,3.82
One Direction - Story Of My Life (Karaoke Version),https://www.youtube.com/watch?v=LTj11cPudyw,4.45
Ed Sheeran - Supermarket Flowers (Karaoke Version),https://www.youtube.com/watch?v=8xWHhumQj4c,4.23
Benson Boone - In The Stars (Karaoke Version),https://www.youtube.com/watch?v=QnitepvT9zQ,3.9
Maroon 5 - Sunday Morning (Karaoke Version),https://www.youtube.com/watch?v=dZlowemJbj4,4.53
Nicki Minaj - Anaconda (Karaoke Version),https://www.youtube.com/watch?v=Del8tBjZm5I,4.47
Natalie Imbruglia - Torn (Karaoke Version),https://www.youtube.com/watch?v=7rmxIEjMNX0,4.42
"Train - Hey, Soul Sister (Karaoke Version)",https://www.youtube.com/watch?v=VmXansa3xTg,4.08
Birdy - People Help The People (Karaoke Version),https://www.youtube.com/watch?v=hjZKniV_hSc,4.67
Ariana Grande and Iggy Azalea - Problem (Karaoke Version),https://www.youtube.com/watch?v=YXVxusIRT5A,3.55
Justin Bieber - What Do You Mean (Karaoke Version),https://www.youtube.com/watch?v=kKKXhrS_my4,3.95
Omi - Cheerleader (Felix Jaehn Edit) (Karaoke Version),https://www.youtube.com/watch?v=Gart4SIWnX0,3.37
LP - Lost On You (Karaoke Version),https://www.youtube.com/watch?v=9Mpv9Wlij5g,5.08
Wicked - Defying Gravity (Karaoke Version),https://www.youtube.com/watch?v=_ce778S_3iI,6.4
DJ Snake ft. Justin Bieber - Let Me Love You (Karaoke Version),https://www.youtube.com/watch?v=VP5ODDPUpcE,3.98
Fleetwood Mac - Dreams (Karaoke Version),https://www.youtube.com/watch?v=RpvbNiC6u_4,4.68
Juice WRLD - Lucid Dreams (Karaoke Version),https://www.youtube.com/watch?v=Nt484LGuiPA,4.18
Elle King - Ex's & Oh's (Karaoke Version),https://www.youtube.com/watch?v=odO7rH5vmaI,3.88
Conan Gray - The Cut That Always Bleeds (Karaoke Version),https://www.youtube.com/watch?v=JD9XKAw5Xu8,4.3
Wheatus - Teenage Dirtbag (Karaoke Version),https://www.youtube.com/watch?v=jbK7Ps-7Gfc,4.62
One Direction - Little Things (Karaoke Version),https://www.youtube.com/watch?v=JShoho_WYIQ,4.23
Dua Lipa - IDGAF (Karaoke Version),https://www.youtube.com/watch?v=NvrQEgIKi4A,4.15
José Feliciano - Feliz Navidad (Karaoke Version),https://www.youtube.com/watch?v=3qTDEpO7k8s,3.43
One Direction - Steal My Girl (Karaoke Version),https://www.youtube.com/watch?v=t4p3nvGWOB4,4.17
Queen - Don't Stop Me Now (Karaoke Version),https://www.youtube.com/watch?v=G962z-4OL9E,3.98
Zara Larsson - Uncover (Karaoke Version),https://www.youtube.com/watch?v=O0RZc6k_eLw,4.02
Katy Perry - Thinking Of You (Karaoke Version),https://www.youtube.com/watch?v=mB8xUlfdDbU,4.5
SZA - Kill Bill (Karaoke Version),https://www.youtube.com/watch?v=OEc9U6Prxos,2.82
Queen - Too Much Love Will Kill You (Karaoke Version),https://www.youtube.com/watch?v=h9iHDVEkBYE,4.57
"Post Malone, Swae Lee - Sunflower (Karaoke Version)",https://www.youtube.com/watch?v=awxvtj-0JKw,2.87
Taylor Swift feat. The Civil Wars - Safe & Sound (Karaoke Version),https://www.youtube.com/watch?v=7h2eqd0Kx4g,4.33
Lana Del Rey - Summertime Sadness (Karaoke Version),https://www.youtube.com/watch?v=W812a1FEO4k,4.43
"Alan Walker, K-391 and Emelie Hollow - Lily (Karaoke Version)",https://www.youtube.com/watch?v=-5-Gxfuie4A,3.57
a-ha - Take On Me (Karaoke Version),https://www.youtube.com/watch?v=bC4ER15Hj10,4.18
Maroon 5 ft. Wiz Khalifa - Payphone (Karaoke Version),https://www.youtube.com/watch?v=NAOwdpLvJPU,4.32
Eminem - Mockingbird (Karaoke Version),https://www.youtube.com/watch?v=HAYuls3af5s,4.53
Christina Perri - Jar Of Hearts (Karaoke Version),https://www.youtube.com/watch?v=1JCVr44e5xs,4.37
Alan Walker - Alone (Karaoke Version),https://www.youtube.com/watch?v=w0F6goHM1DM,2.95
Camp Rock - This Is Me (Karaoke Version),https://www.youtube.com/watch?v=e1Uv3rBykpg,3.43
"Dwayne Johnson - You're Welcome (from ""Moana"") (Karaoke Version)",https://www.youtube.com/watch?v=tIYURcd4WB4,2.93
Sia - Elastic Heart (Karaoke Version),https://www.youtube.com/watch?v=mIqMMATs3R4,4.6
Marshmello ft. Bastille - Happier (Karaoke Version),https://www.youtube.com/watch?v=cNqlovKgatw,3.95
Olivia Rodrigo - favorite crime (Karaoke Version),https://www.youtube.com/watch?v=KGn6axh47LM,2.95
"Alan Walker, Sabrina Carpenter & Farruko - On My Way (Karaoke Version)",https://www.youtube.com/watch?v=9oNDMiyLm4U,3.6
Sam Smith - Writing's On The Wall (Karaoke Version),https://www.youtube.com/watch?v=h7vILHaFTiE,5.17
Katy Perry - Firework (Karaoke Version),https://www.youtube.com/watch?v=KUKyy4r-BO4,4.17
James Arthur - Train Wreck (Karaoke Version),https://www.youtube.com/watch?v=fO88Ox-mhDs,3.82
Ariana Grande - Into You (Karaoke Version),https://www.youtube.com/watch?v=I5KLeZM_O2Y,4.43
twenty one pilots - Heathens (from Suicide Squad) (Karaoke Version),https://www.youtube.com/watch?v=hYMHaamhiKU,3.95
Coldplay - The Scientist (Karaoke Version),https://www.youtube.com/watch?v=0ycVgd7YleI,4.72
La La Land - City Of Stars (Karaoke Version),https://www.youtube.com/watch?v=Yl-SJoffk1Q,2.72
High School Musical - Start Of Something New (Karaoke Version),https://www.youtube.com/watch?v=vjSQ-10eRD4,3.62
Taylor Swift - Wildest Dreams (Karaoke Version),https://www.youtube.com/watch?v=A7X9_O35rfs,3.95
Lewis Capaldi - Bruises (Karaoke Version),https://www.youtube.com/watch?v=sj5nOjRDiZk,3.82
Alec Benjamin - Let Me Down Slowly (Karaoke Version),https://www.youtube.com/watch?v=249FPTZ_J3c,3.12
Britney Spears - Oops!...I Did It Again (Karaoke Version),https://www.youtube.com/watch?v=OJorUj0JA3w,3.98
twenty one pilots - Stressed Out (Karaoke Version),https://www.youtube.com/watch?v=QNVtVvAJhDI,3.9
LeAnn Rimes - I Need You (Karaoke Version),https://www.youtube.com/watch?v=2uF-ZTcSR9Q,3.87
Alanis Morissette - Ironic (Karaoke Version),https://www.youtube.com/watch?v=m497f9hB9Gs,4.35
Vanessa Carlton - A Thousand Miles (Karaoke Version),https://www.youtube.com/watch?v=u2K-525UPUA,4.1
"Dan + Shay, Justin Bieber - 10,000 Hours (Karaoke Version)",https://www.youtube.com/watch?v=XVG-jODTeyQ,3.17
Meghan Trainor - Lips Are Movin (Karaoke Version),https://www.youtube.com/watch?v=sWeQn4uBEyQ,3.47
Shawn Mendes - Mercy (Karaoke Version),https://www.youtube.com/watch?v=3nt29LRZqFM,4.02
Extreme - More Than Words (Karaoke Version),https://www.youtube.com/watch?v=lT-3Es67dPs,3.97
Billie Eilish - bellyache (Karaoke Version),https://www.youtube.com/watch?v=GakCnD5pzNM,3.27
Billie Eilish - bellyache (Karaoke Version),https://www.youtube.com/watch?v=GakCnD5pzNM,3.27
Sarah Geronimo - Kiss Me Kiss Me (Karaoke Version),https://www.youtube.com/watch?v=HTTBkyWZFzg,3.83
Meghan Trainor - Me Too (Karaoke Version),https://www.youtube.com/watch?v=9RcoA7RptvE,3.57
Heart - Alone (Karaoke Version),https://www.youtube.com/watch?v=zAbT9dr1R30,3.83
Ali Gatie - It's You (Karaoke Version),https://www.youtube.com/watch?v=QSSbJE6GPGk,3.7
Maroon 5 ft. Cardi B - Girls Like You (Karaoke Version),https://www.youtube.com/watch?v=aNknycqtsxA,4.4
Disney Descendants 2 - What's My Name (Karaoke Version),https://www.youtube.com/watch?v=KH1Vpx7XZQg,3.02
Ariana Grande - God Is A Woman (Karaoke Version),https://www.youtube.com/watch?v=wuhbuzGqBYQ,3.72
Salem Ilese - Mad At Disney (Karaoke Version),https://www.youtube.com/watch?v=GOFxPxTQUvY,2.82
James Arthur - Impossible (Karaoke Version),https://www.youtube.com/watch?v=7LSsqBLWGq0,3.88
Lily Allen - Somewhere Only We Know (Karaoke Version),https://www.youtube.com/watch?v=mBkc7uKrczQ,2.33
Survivor - Eye Of The Tiger (Karaoke Version),https://www.youtube.com/watch?v=83ZFZPhxskc,4.3
Taylor Swift - I Knew You Were Trouble (Karaoke Version),https://www.youtube.com/watch?v=Ut8qAfWUW24,4
Smash Mouth - All Star (Karaoke Version),https://www.youtube.com/watch?v=ABOYo7ioQJo,3.97
Kenny Rogers - Through The Years (Karaoke Version),https://www.youtube.com/watch?v=2d4D-0Vsyiw,4.78
Troye Sivan - Angel Baby (Karaoke Version),https://www.youtube.com/watch?v=CYpILLJpRBE,3.97
Toni Gonzaga - Catch Me I'm Falling (Karaoke Version),https://www.youtube.com/watch?v=EZh4UiPsJ1A,4.8
ABBA - I Have A Dream (Karaoke Version),https://www.youtube.com/watch?v=n4yhmONZimc,5.12
Katy Perry - Unconditionally (Karaoke Version),https://www.youtube.com/watch?v=-rCIyA3RAjk,4.38
One Direction - You and I (Karaoke Version),https://www.youtube.com/watch?v=13yP4A2WE-M,4.45
Ariana Grande - No Tears Left To Cry (Karaoke Version),https://www.youtube.com/watch?v=PSYn6Y1B3KY,4.05
Whitney Houston - Run To You (Karaoke Version),https://www.youtube.com/watch?v=Fus6jCD8VqA,4.72
Ashe - Moral Of The Story (Karaoke Version),https://www.youtube.com/watch?v=xp1bRW9nSvM,3.75
Selena Gomez - Same Old Love (Karaoke Version),https://www.youtube.com/watch?v=YIg0xU_A5-8,4.37
P!nk - What About Us (Karaoke Version),https://www.youtube.com/watch?v=AFg3-6Yzo1I,4.88
Katy Perry ft. Snoop Dogg - California Gurls (Karaoke Version),https://www.youtube.com/watch?v=aUoeErKrMEs,4.25
Eartha Kitt - Santa Baby (Karaoke Version),https://www.youtube.com/watch?v=VIgsBLfcnZQ,3.45
Harry Styles - Falling (Karaoke Version),https://www.youtube.com/watch?v=x5J8uwuVBKs,4.08
Lana Del Rey - Born To Die (Karaoke Version),https://www.youtube.com/watch?v=nuA_oDeq-i0,5
Debbie Gibson - Lost In Your Eyes (Karaoke Version),https://www.youtube.com/watch?v=SEGaufBGkUs,3.82
Mario - Let Me Love You (Karaoke Version),https://www.youtube.com/watch?v=xEwPVphGS70,4.55
Pamungkas - To The Bone (Karaoke Version),https://www.youtube.com/watch?v=ZujI2VFeXXM,6.07
Tom Jones - (It Looks Like) I'll Never Fall In Love Again (Karaoke Version),https://www.youtube.com/watch?v=nBbYK41u6Fw,4.55
Patsy Cline -  Crazy (Karaoke Version),https://www.youtube.com/watch?v=7Qj3rb4dJsM,2.97
Rick Astley - Never Gonna Give You Up (Karaoke Version),https://www.youtube.com/watch?v=8leAAwMIigI,4.22
Powfu ft. beabadoobee - death bed (Karaoke Version),https://www.youtube.com/watch?v=RzzC5rew5jE,3.37
Ava Max - Sweet But Psycho (Karaoke Version),https://www.youtube.com/watch?v=DKN8sskhsrk,3.27
Amy Winehouse - You Know I'm No Good (Karaoke Version),https://www.youtube.com/watch?v=bY82VqRnqu0,4.55
The Greatest Showman - A Million Dreams (Piano Version),https://www.youtube.com/watch?v=aXS-2bHw4VU,4.83
Pharrell Williams - Happy (Karaoke Version),https://www.youtube.com/watch?v=jwH1hD0-DoQ,4.2
Little Mix - Black Magic (Karaoke Version),https://www.youtube.com/watch?v=JsoxO3vWok0,3.97
Boyz II Men - End Of The Road (Karaoke Version),https://www.youtube.com/watch?v=rjPg9JqTxkY,6.4
REO Speedwagon - Can't Fight This Feeling (Karaoke Version),https://www.youtube.com/watch?v=8pE1h4D9iro,4.95
Etta James - At Last (Karaoke Version),https://www.youtube.com/watch?v=ueA-n3cDRgk,3.15
Daniel Caesar ft. Kali Uchis - Get You (Karaoke Version),https://www.youtube.com/watch?v=PenQd3Bhusk,5
Johnny Cash - Hurt (Karaoke Version),https://www.youtube.com/watch?v=Cjudlh8Mb3M,4.05
JP Saxe - If The World Was Ending ft. Julia Michaels (Karaoke Version),https://www.youtube.com/watch?v=kRV8K6ApYu0,3.97
Paramore - Still Into You (Karaoke Version),https://www.youtube.com/watch?v=2lPtXYwT-A4,4.15
ZAYN - PILLOWTALK (Karaoke Version),https://www.youtube.com/watch?v=rFsxIsoN23w,3.97
Sean Kingston - Beautiful Girls (Karaoke Version),https://www.youtube.com/watch?v=S_BNb0R7iX4,4.17
Spice Girls - Wannabe (Karaoke Version),https://www.youtube.com/watch?v=BTDPZQGqjY8,3.12
Birdy - Not About Angels (Karaoke Version),https://www.youtube.com/watch?v=ltMOo1u_-bI,3.75
Maggie Lindemann - Pretty Girl (Karaoke Version),https://www.youtube.com/watch?v=1JPujd2PKHE,4.05
Lady Gaga - Poker Face (Karaoke Version),https://www.youtube.com/watch?v=kTu2QPghqZU,4.43
XXXTENTACION - SAD! (Karaoke Version),https://www.youtube.com/watch?v=bWPM34_JYcg,3.02
Ariana Grande & Justin Bieber - Stuck with U (Karaoke Version),https://www.youtube.com/watch?v=IdruQKij6P4,4.03
Jeff Buckley - Hallelujah (Karaoke Version),https://www.youtube.com/watch?v=nJRLaEwIKMU,7.03
Kesha - TiK ToK (Karaoke Version),https://www.youtube.com/watch?v=SY37clW29Os,4.02
twenty one pilots - Ride (Karaoke Version),https://www.youtube.com/watch?v=muSbrUYiqrI,4.1
BTS (방탄소년단) - Boy With Luv (작은 것들을 위한 시) feat. Halsey (Karaoke Version),https://www.youtube.com/watch?v=ZkNf0YMvdqQ,4.2
Arctic Monkeys - I Wanna Be Yours (Karaoke Version),https://www.youtube.com/watch?v=sAmuevpBwH8,3.12
Christmas Carols - Silent Night (Karaoke Version),https://www.youtube.com/watch?v=i_WCFUGCv6M,3.83
Savage Garden - Truly Madly Deeply (Karaoke Version),https://www.youtube.com/watch?v=DDMdkRDZVmI,5.27
Shakira - Underneath Your Clothes (Karaoke Version),https://www.youtube.com/watch?v=0ih6b17zRM0,3.97
Dean Martin - Let It Snow! Let It Snow! Let It Snow! (Karaoke Version),https://www.youtube.com/watch?v=wsB1_UGiVoU,2.52
Imagine Dragons - Thunder (Karaoke Version),https://www.youtube.com/watch?v=zelLqyeP7_M,3.25
Taylor Swift - We Are Never Ever Getting Back Together (Karaoke Version),https://www.youtube.com/watch?v=IW0EU6Ge5SE,3.55
Selena Gomez - The Heart Wants What It Wants (Karaoke Version),https://www.youtube.com/watch?v=RdhyabRpbxQ,4.23
Ariana Grande ft. The Weeknd - Love Me Harder (Karaoke Version),https://www.youtube.com/watch?v=exr4TFXsKeY,4.17
Grover Washington Jr ft. Bill Withers - Just The Two Of Us (Karaoke Version),https://www.youtube.com/watch?v=yIyW2lcapHs,4.22
Taylor Swift - Bad Blood (1989 Karaoke Version),https://www.youtube.com/watch?v=cT-oxsG9fWE,3.97
Bill Withers - Ain't No Sunshine (Karaoke Version),https://www.youtube.com/watch?v=zvjhSC9_tjA,2.45
Taylor Swift - Style (Karaoke Version),https://www.youtube.com/watch?v=hjpfQQwlznA,4.15
Billie Eilish - COPYCAT (Karaoke Version),https://www.youtube.com/watch?v=wYScPDqj7dU,3.47
Shakira - Try Everything (Karaoke Version),https://www.youtube.com/watch?v=HJXW27K79T4,4
Katy Perry - Hot 'n' Cold (Karaoke Version),https://www.youtube.com/watch?v=OWd-2SVsV50,4.3
Hailee Steinfeld & Grey ft. ZEDD - STARVING (Karaoke Version),https://www.youtube.com/watch?v=ew8wshsJGCQ,3.62
Katy Perry - I Kissed A Girl (Karaoke Version),https://www.youtube.com/watch?v=2Qq0hEUmnRY,3.3
JoJo Siwa - Boomerang (Karaoke Version),https://www.youtube.com/watch?v=KavWqUmVMYA,4.02
Sara Bareilles - She Used To Be Mine (Karaoke Version),https://www.youtube.com/watch?v=79b9UbLgmB4,4.42
Gabrielle - Out of Reach (Karaoke Version),https://www.youtube.com/watch?v=vUOxk56Q6pA,3.55
Hercules - Go The Distance (Karaoke Version),https://www.youtube.com/watch?v=xswH-FZvwBQ,3.58
Dua Lipa - Don't Start Now (Karaoke Version),https://www.youtube.com/watch?v=jIMJQsBwsWg,3.27
Michael Bublé - It's Beginning To Look A Lot Like Christmas (Karaoke Version),https://www.youtube.com/watch?v=vuNP7Y42wgg,3.37
Frozen 2 - All Is Found (Karaoke Version),https://www.youtube.com/watch?v=KxZoKkjTSys,2.28
Jason Derulo & Jawsh 685 - Savage Love (Karaoke Version),https://www.youtube.com/watch?v=FZnZxA7M9rA,3.27
Rag'n'Bone Man - Human (Karaoke Version),https://www.youtube.com/watch?v=gf0taQyr0E0,3.92
Zoe Wees - Control (Karaoke Version),https://www.youtube.com/watch?v=TqxB27tRTL8,4.2
Bebe Rexha - I'm A Mess (Karaoke Version),https://www.youtube.com/watch?v=U3MY_ffvLo4,3.45
Grease - You're The One That I Want (Karaoke Version),https://www.youtube.com/watch?v=5-4X6Ck-_0c,3.23
Harry Styles - As It Was (Karaoke Version),https://www.youtube.com/watch?v=JyKfmLkq3BU,3.05
Drake ft. Wizkid & Kyla - One Dance (Karaoke Version),https://www.youtube.com/watch?v=HoKBVMIi2IY,3.47
Sixpence None The Richer - Kiss Me (Karaoke Version),https://www.youtube.com/watch?v=bwiYjnW23Os,3.58
Backstreet Boys - Incomplete (Karaoke Version),https://www.youtube.com/watch?v=Gw-QOBzISlo,4.2
The Champs - Tequila (Karaoke Version),https://www.youtube.com/watch?v=1Y77BelxUQY,2.6
Stephen Speaks - Passenger Seat (Karaoke Version),https://www.youtube.com/watch?v=B6WfTi8PU1Y,4.9
Ed Sheeran - Castle On The Hill (Karaoke Version),https://www.youtube.com/watch?v=N56nBWBIlvk,4.8
The Weeknd - Blinding Lights (Karaoke Version),https://www.youtube.com/watch?v=Cj4hcXZs3Lc,3.7
Becky G - Shower (Karaoke Version),https://www.youtube.com/watch?v=RLSxxKyw4Tk,3.75
Queen - We Are The Champions (Karaoke Version),https://www.youtube.com/watch?v=KUiPFviDAvg,3.38
Kitchie Nadal - Same Ground (Karaoke Version),https://www.youtube.com/watch?v=nKbiJPLExBE,4.57
Michael Bublé - Have Yourself A Merry Little Christmas (Karaoke Version),https://www.youtube.com/watch?v=-NEfq3FKkyM,4.47
Bonnie Tyler - Total Eclipse Of The Heart (Karaoke Version),https://www.youtube.com/watch?v=iN7jQEpv92I,5.82
Justin Bieber and Big Sean - As Long as You Love Me (Karaoke Version),https://www.youtube.com/watch?v=NAukkfuuCu4,4.2
Fergie - Big Girls Don't Cry (Personal) (Karaoke Version),https://www.youtube.com/watch?v=qQRRTH-1VN8,4.8
Melanie Martinez - Mad Hatter (Karaoke Version),https://www.youtube.com/watch?v=XZgmgnaYVl8,3.93
Sheena Easton - Almost Over You (Karaoke Version),https://www.youtube.com/watch?v=QOAPoyNp8HA,3.77
The Script ft. Will.I.Am - Hall Of Fame (Karaoke Version),https://www.youtube.com/watch?v=t618KFLRzo8,3.58
Rixton - Me And My Broken Heart (Karaoke Version),https://www.youtube.com/watch?v=Ey6wngxuWcM,3.67
P!nk - Try (Karaoke Version),https://www.youtube.com/watch?v=wYIx_2s1qhc,4.63
Billie Eilish - TV (Karaoke Version),https://www.youtube.com/watch?v=XhBa1opnVrQ,5.07
Melanie Martinez - Play Date (Karaoke Version),https://www.youtube.com/watch?v=KuiloJgXsbA,3.32
Owl City - Fireflies (Karaoke Version),https://www.youtube.com/watch?v=gfVKv3NEAQ4,3.82
Queen - We Will Rock You (Karaoke Version),https://www.youtube.com/watch?v=j8Mkv84V9mY,2.22
Green Day - Basket Case (Karaoke Version),https://www.youtube.com/watch?v=UntbNt8rK4w,3.63
Taylor Swift - Cruel Summer (Karaoke Version),https://www.youtube.com/watch?v=N2ScieGmSGQ,3.25
Lord Huron - The Night We Met (Karaoke Version),https://www.youtube.com/watch?v=Qut44K6sINs,3.42
Zara Larsson - Lush Life (Karaoke Version),https://www.youtube.com/watch?v=Zj3dMCkEni4,3.87
Toto - Africa (Karaoke Version),https://www.youtube.com/watch?v=CRrZlEF7-SU,5.17
"Katharine McPhee, Jason Reeves - Terrified (Karaoke Version)",https://www.youtube.com/watch?v=Sg_9m6flh78,4
Taylor Swift - Lover (Karaoke Version),https://www.youtube.com/watch?v=n9vQlA7SMjk,4.07
The Killers - Mr. Brightside (Karaoke Version),https://www.youtube.com/watch?v=c1X3Lg7RVkk,3.92
"Selena Gomez, Marshmello - Wolves (Karaoke Version)",https://www.youtube.com/watch?v=hwG31U_EAv8,3.48
Gym Class Heroes ft. Adam Levine - Stereo Hearts (Karaoke Version),https://www.youtube.com/watch?v=C8lCwQsE2Oc,3.92
Alessia Cara - Here (Karaoke Version),https://www.youtube.com/watch?v=_PDhqm1PYtk,4.22
Ariana Grande - Focus (Karaoke Version),https://www.youtube.com/watch?v=rDDz2tIoxKI,4.05
"Timbaland, OneRepublic - Apologize (Karaoke Version)",https://www.youtube.com/watch?v=U7CQKbusBi4,3.52
Tears For Fears -  Everybody Wants To Rule The World (Karaoke Version),https://www.youtube.com/watch?v=OBzl83j-8IE,4.45
Tate McRae - you broke me first (Karaoke Version),https://www.youtube.com/watch?v=Fi_otrpQbm0,3.22
One Direction - Perfect (Karaoke Version),https://www.youtube.com/watch?v=1JWWkuLrtro,4.43
Halsey - Sorry (Karaoke Version),https://www.youtube.com/watch?v=MvgCZV3Ceps,4.05
Taylor Swift - 22 (Karaoke Version),https://www.youtube.com/watch?v=Ia8kqGdYmKw,4.23
Linkin Park - In The End (Karaoke Version),https://www.youtube.com/watch?v=uIcmAyAJ5hE,3.77
Crowded House - Don't Dream It's Over (Karaoke Version),https://www.youtube.com/watch?v=bzg25xhxD0s,4.25
Queen - Somebody To Love (Karaoke Version),https://www.youtube.com/watch?v=dqIil7XK3V4,5.32
Disney Descendants - Rotten To The Core (Karaoke Version),https://www.youtube.com/watch?v=itoF8gggLhY,3.03
Elvis Presley - Suspicious Minds (Karaoke Version),https://www.youtube.com/watch?v=Z6Zr01BfjBM,4.65
Matchbox Twenty - Unwell (Karaoke Version),https://www.youtube.com/watch?v=aGkFoXPJsY8,4.13
One Direction - History (Karaoke Version),https://www.youtube.com/watch?v=6abAeLt6Hvw,3.67
Little Big Town - Girl Crush (Karaoke Version),https://www.youtube.com/watch?v=dK0jVG8BPVA,3.55
Selena Gomez - Lose You To Love Me (Karaoke Version),https://www.youtube.com/watch?v=0oOAClzjL5Y,3.77
Demi Lovato - Sober (Karaoke Version),https://www.youtube.com/watch?v=0kHB3e5AUcs,3.53
Backstreet Boys - As Long As You Love Me (Karaoke Version),https://www.youtube.com/watch?v=vTk4dPkUNeg,3.93
Billie Eilish - listen before i go (Karaoke Version),https://www.youtube.com/watch?v=npyFEBYgJno,4.27
Zedd ft. Foxes - Clarity (Karaoke Version),https://www.youtube.com/watch?v=Sq2FkmVnFcc,4.88
One Direction - 18 (Karaoke Version),https://www.youtube.com/watch?v=rBg_nhOrE4I,4.45
Lukas Graham - Love Someone (Karaoke Version),https://www.youtube.com/watch?v=ao2xsnwJpIo,3.77
SZA - The Weekend (Karaoke Version),https://www.youtube.com/watch?v=Yg691Hwao8Q,4.35
Christmas Carols - We Wish You A Merry Christmas (Karaoke Version),https://www.youtube.com/watch?v=6UcWuv1dwlU,2.1
Fifth Harmony ft. Ty Dolla Sign - Work From Home (Karaoke Version),https://www.youtube.com/watch?v=CL4iT3AXbiQ,4.27
Taylor Swift - All Too Well (Karaoke Version),https://www.youtube.com/watch?v=JgTU2aoHigU,5.73
Shawn Mendes & Camila Cabello - I Know What You Did Last Summer (Karaoke Version),https://www.youtube.com/watch?v=CZCfGmLUn9s,4.27
Carrie Underwood - O Holy Night (Karaoke Version),https://www.youtube.com/watch?v=6cJlBXccEAM,4.13
Jessie J - Masterpiece (Karaoke Version),https://www.youtube.com/watch?v=AYlWJ1TZwlM,3.98
Spice Girls - 2 Become 1 (Karaoke Version),https://www.youtube.com/watch?v=AImB9oMjumc,4.23
James Arthur - Car's Outside (Karaoke Version),https://www.youtube.com/watch?v=XWIrcAESaQU,4.25
Arctic Monkeys - 505 (Karaoke Version),https://www.youtube.com/watch?v=VtErzctE50A,4.35
Fifth Harmony - Worth It (Karaoke Version),https://www.youtube.com/watch?v=fMGenDZUjdo,4.15
Selena Gomez - Hands To Myself (Karaoke Version),https://www.youtube.com/watch?v=QlJG_GmdQB0,3.98
Bing Crosby - White Christmas (Karaoke Version),https://www.youtube.com/watch?v=usgzxS7OfaM,3.73
Noah Cyrus - July (Karaoke Version),https://www.youtube.com/watch?v=D3QokilFBpw,2.98
Fleetwood Mac - Landslide (Karaoke Version),https://www.youtube.com/watch?v=GjaVueSGx20,3.7
Iggy Azalea and Rita Ora - Black Widow (Karaoke Version),https://www.youtube.com/watch?v=zjEuYztBbBo,3.85
Miley Cyrus - We Can't Stop (Karaoke Version),https://www.youtube.com/watch?v=M-hN4k999b8,4.18
ROSÉ - On The Ground (Karaoke Version),https://www.youtube.com/watch?v=FrfyqKgHpA4,3.28
Alicia Keys - No One (Karaoke Version),https://www.youtube.com/watch?v=0lFbFPq8ajo,4.23
Madison Beer - Selfish (Karaoke Version),https://www.youtube.com/watch?v=Tk76EDFgDvY,4.12
Taylor Swift - White Horse (Karaoke Version),https://www.youtube.com/watch?v=krMVgCUl80s,4.13
Colbie Caillat - Try (Karaoke Version),https://www.youtube.com/watch?v=9_5dpfd0ASI,4.12
Ed Sheeran - Lego House (Karaoke Version),https://www.youtube.com/watch?v=WPRJlC9h8D0,3.95
Charlie Puth - Dangerously (Karaoke Version),https://www.youtube.com/watch?v=aQ_iIJa4GwU,3.72
Joji - Glimpse Of Us (Karaoke Version),https://www.youtube.com/watch?v=D6tZBIVor2s,3.98
Tove Lo - Habits (Stay High) (Karaoke Version),https://www.youtube.com/watch?v=dkFprYzkj-c,3.75
Daniel Bedingfield - If You're Not The One (Karaoke Version),https://www.youtube.com/watch?v=Z1fEmiHYgCU,4.42
"Lil Pump - ""Gucci Gang"" (Karaoke Version)",https://www.youtube.com/watch?v=x2BzevUyqhI,2.4
Selena Gomez & The Scene - Who Says (Karaoke Version),https://www.youtube.com/watch?v=WfCz7hV-bJk,3.62
Echosmith - Cool Kids (Karaoke Version),https://www.youtube.com/watch?v=Y53kOdnjWec,4.43
Cher - Believe (Karaoke Version),https://www.youtube.com/watch?v=n24s-klOW0c,4.37
The Chainsmokers ft. Rozes - Roses (Karaoke Version),https://www.youtube.com/watch?v=EUdNpznNKcc,4.3
Billie Eilish - my future (Karaoke Version),https://www.youtube.com/watch?v=RQmoQuPL8hY,3.75
Selena - Dreaming of You (Karaoke Version),https://www.youtube.com/watch?v=rc1QFDlK_Kc,5.4
Walk The Moon - Shut Up And Dance (Karaoke Version),https://www.youtube.com/watch?v=71qqtDWFVl4,3.62
Jake Paul ft. Team 10 - It's Everyday Bro (Karaoke Version),https://www.youtube.com/watch?v=EfqzDcgux_U,3.85
Cee Lo Green - Forget You (Karaoke Version),https://www.youtube.com/watch?v=l-hN9wzbPJE,4.23
BIQ SHAQ - MANS NOT HOT (Karaoke Version),https://www.youtube.com/watch?v=uqaOdIyEUrA,3.25
Maroon 5 - Maps (Karaoke Version),https://www.youtube.com/watch?v=lumFjOzdh0E,3.52
Childish Gambino - Redbone (Karaoke Version),https://www.youtube.com/watch?v=VtlB9rCmv1k,5.82
Hillsong Worship - What A Beautiful Name (Karaoke Version),https://www.youtube.com/watch?v=fn91I3czi0c,5.97
Lady Gaga - Paparazzi (Karaoke Version),https://www.youtube.com/watch?v=IfJC9vb6p30,3.87
Kesha - Praying (Karaoke Version),https://www.youtube.com/watch?v=Hqd8SG6NMNo,4.18
Westlife - Flying Without Wings (Karaoke Version),https://www.youtube.com/watch?v=xR9fY0MCk30,3.93
Post Malone ft. 21 Savage - Rockstar (Karaoke Version),https://www.youtube.com/watch?v=TP7JVS4YPpA,3.88
Taylor Swift - Teardrops On My Guitar (Pop Version - Karaoke),https://www.youtube.com/watch?v=U6eDFyoGNdA,3.8
Dean Lewis - Be Alright (Karaoke Version),https://www.youtube.com/watch?v=omsisiPresM,3.5
The Weeknd - Can't Feel My Face (Karaoke Version),https://www.youtube.com/watch?v=blAk0Zr9UAk,3.82
The Greatest Showman - The Greatest Show (Karaoke Version),https://www.youtube.com/watch?v=35jPapexMjk,5.33
"Zedd, Alessia Cara - Stay (Karaoke Version)",https://www.youtube.com/watch?v=VmWN7k0Jenw,3.9
The Carpenters - I Won't Last A Day Without You (Karaoke Version),https://www.youtube.com/watch?v=n8jOCfDx0PM,3.87
R. City ft. Adam Levine - Locked Away (Karaoke Version),https://www.youtube.com/watch?v=w7KHcWe5ACw,4.12
"Alan Walker - Darkside feat. Au/Ra, Tomine Harket (Karaoke Version)",https://www.youtube.com/watch?v=VQjhpQBw8pA,3.78
Harry Styles - Watermelon Sugar (Karaoke Version),https://www.youtube.com/watch?v=OQzT1OASwPU,3.43
Queen - The Show Must Go On (Karaoke Version),https://www.youtube.com/watch?v=C2TTXCXUAaI,4.52
Maroon 5 - Animals (Karaoke Version),https://www.youtube.com/watch?v=R1ug4G9JHOA,4.3
Bonnie Tyler - It's a Heartache (Karaoke Version),https://www.youtube.com/watch?v=idRREHyhyso,3.95
Pokémon - Theme Song (Karaoke Version),https://www.youtube.com/watch?v=UdTzFfT-frE,3.88
Niall Horan - This Town (Karaoke Version),https://www.youtube.com/watch?v=q5723_RP524,4.32
Little Mix - Love Me Like You (Karaoke Version),https://www.youtube.com/watch?v=I7HRrjPWLbI,3.83
My Chemical Romance - Cancer (Karaoke Version),https://www.youtube.com/watch?v=HEFOCv9d8Kc,2.75
The Beatles - In My Life (Karaoke Version),https://www.youtube.com/watch?v=IS7ESPZn7do,2.68
The Fray - How To Save A Life (Karaoke Version),https://www.youtube.com/watch?v=8V6bKykwQug,4.58
Lana Del Rey - Blue Jeans (Karaoke Version),https://www.youtube.com/watch?v=q6eA_-2DT9o,3.87
High School Musical 2 - You Are The Music In Me (Karaoke Version),https://www.youtube.com/watch?v=Yd4en3dMFY8,4.17
Ed Sheeran - Give Me Love (Karaoke Version),https://www.youtube.com/watch?v=EjM8WQ-rXnI,4.5
blink-182 - I Miss You (Karaoke Version),https://www.youtube.com/watch?v=HeK_Rb9Mkg0,4.28
Taylor Swift - Our Song (Karaoke Version),https://www.youtube.com/watch?v=ZNeW05ELGhE,3.88
Jungkook - Still With You (Karaoke Version),https://www.youtube.com/watch?v=B-vkJSgNh4Q,4.32
Melanie Martinez - Pacify Her (Karaoke Version),https://www.youtube.com/watch?v=gY-Wl5CfFAY,4.15
Billie Eilish - bury a friend (Karaoke Version),https://www.youtube.com/watch?v=sHSYs_pojQs,3.28
Billie Eilish - bury a friend (Karaoke Version),https://www.youtube.com/watch?v=sHSYs_pojQs,3.28
Martin Garrix & Bebe Rexha - In The Name Of Love (Karaoke Version),https://www.youtube.com/watch?v=c8Xu1nJYx8M,3.87
Post Malone - Circles (Karaoke Version),https://www.youtube.com/watch?v=hlk6z9nJxGg,3.83
ABBA - Super Trouper (Karaoke Version),https://www.youtube.com/watch?v=QAw2A7jCI50,4.7
Dixie D'Amelio - Be Happy (Karaoke Version),https://www.youtube.com/watch?v=telmJIBjbGg,3.77
Stevie Wonder - Lately (Karaoke Version),https://www.youtube.com/watch?v=8jHxIZUF1lw,4.33
Cyndi Lauper - True Colors (Karaoke Version),https://www.youtube.com/watch?v=LQLxMTKJux0,3.98
Backstreet Boys - Shape Of My Heart (Karaoke Version),https://www.youtube.com/watch?v=XcuFrz5S5Gw,4.22
Billie Eilish - my boy (Karaoke Version),https://www.youtube.com/watch?v=xYVlHJx2F5o,3.15
Kelly Clarkson - Since U Been Gone (Karaoke Version),https://www.youtube.com/watch?v=B8S0l--gHgA,3.73
Doja Cat - Say So (Karaoke Version),https://www.youtube.com/watch?v=qAI3zlwn6_I,4.12
Rachel Platten - Fight Song (Karaoke Version),https://www.youtube.com/watch?v=G0JiiGgbi_k,3.62
The Weeknd - Earned It (Karaoke Version),https://www.youtube.com/watch?v=nxjtaaYWtQE,4.5
Wham! - Last Christmas (Pudding Mix Karaoke Version),https://www.youtube.com/watch?v=aTrT5xfQILM,7.2
Ariana Grande - pov (Karaoke Version),https://www.youtube.com/watch?v=S9FqT5ddiFI,3.63
Birdy - Wings (Karaoke Version),https://www.youtube.com/watch?v=eWJAA6VnN4U,4.57
Fetty Wap - Trap Queen (Karaoke Version),https://www.youtube.com/watch?v=T5-pnoHEpjE,4
Shaggy Ft. Rayvon - Angel (Karaoke Version),https://www.youtube.com/watch?v=GjivXHAoLS4,4.05
Billie Eilish - all the good girls go to hell (Karaoke Version),https://www.youtube.com/watch?v=PH5dzxD7i3U,2.85
Anna Hamilton - Bad Liar (Karaoke Version),https://www.youtube.com/watch?v=ODRET_WOuAU,4.45
Ed Sheeran - Happier (Karaoke Version),https://www.youtube.com/watch?v=aT9Nb3I49oY,3.67
Kendrick Lamar - HUMBLE. (Karaoke Version),https://www.youtube.com/watch?v=AnQESyZisU0,3.32
The Greatest Showman - Tightrope (Karaoke Version),https://www.youtube.com/watch?v=n6lpeCuGWPs,4.12
Beach Bunny - Prom Queen (Karaoke Version),https://www.youtube.com/watch?v=oo4WyB9JBGk,2.38
Billie Eilish - You Should See Me In A Crown (Karaoke Version),https://www.youtube.com/watch?v=ztlumMoFC_w,3.35
Billie Eilish - You Should See Me In A Crown (Karaoke Version),https://www.youtube.com/watch?v=ztlumMoFC_w,3.35
Spandau Ballet - True (Karaoke Version),https://www.youtube.com/watch?v=9b9wK_V98N4,6.07
Maximillian - Beautiful Scars (Karaoke Version),https://www.youtube.com/watch?v=mWnkEM2p4HY,3.53
Sarah McLachlan - Angel (Karaoke Version),https://www.youtube.com/watch?v=U9z9CJVjfYA,4.68
Jeremy Zucker - comethru (Karaoke Version),https://www.youtube.com/watch?v=uTbosVWbteo,3.38
5 Seconds Of Summer - Amnesia (Karaoke Version),https://www.youtube.com/watch?v=0QA5RuYP22Y,4.25
One Direction - Best Song Ever (Karaoke Version),https://www.youtube.com/watch?v=ReUUpDpLlhA,3.72
Meghan Trainor - Better When I'm Dancin' (Karaoke Version),https://www.youtube.com/watch?v=ToBGhfZTiGA,3.47
The Beatles - Here Comes The Sun (Karaoke Version),https://www.youtube.com/watch?v=ElW8dK1POA4,3.27
High School Musical 3 - Can I Have This Dance (Karaoke Version),https://www.youtube.com/watch?v=gS34vxm-Q8g,4.37
Katy Perry - Wide Awake (Karaoke Version),https://www.youtube.com/watch?v=r1nkyeH96Lk,4.13
Bill Withers - Lean On Me (Karaoke Version),https://www.youtube.com/watch?v=p84rf4mz0MM,4.67
Fools Garden - Lemon Tree (Karaoke Version),https://www.youtube.com/watch?v=9OX0x9uTfqA,3.38
Alessia Cara - I Choose (Karaoke Version),https://www.youtube.com/watch?v=VboLh-YNYzo,4
The Greatest Showman - From Now On (Karaoke Version),https://www.youtube.com/watch?v=hIHAHHXAoXk,6.17
Demi Lovato - Sorry Not Sorry (Karaoke Version),https://www.youtube.com/watch?v=8e_X3ugkkkY,3.72
Melanie Martinez - Tag You're It (Karaoke Version),https://www.youtube.com/watch?v=FiofhisfDqo,3.72
Sasha Sloan - Dancing With Your Ghost (Karaoke Version),https://www.youtube.com/watch?v=Wf1iIsyeUkw,3.6
Savage Garden - I Knew I Loved You (Karaoke Version),https://www.youtube.com/watch?v=7dT3YDGoJJ4,4.1
Lizzo - Truth Hurts (Karaoke Version),https://www.youtube.com/watch?v=4Dn9d9Shqsg,3.05
The Weeknd - The Hills (Karaoke Version),https://www.youtube.com/watch?v=ZEt5qkoL6iE,4.27
Panic! At The Disco - I Write Sins Not Tragedies (Karaoke Version),https://www.youtube.com/watch?v=q4-j_-CHAJk,3.73
Justin Bieber - Mistletoe (Karaoke Version),https://www.youtube.com/watch?v=tJ4RnhzTueQ,3.47
Kodaline - All I Want (Karaoke Version),https://www.youtube.com/watch?v=peWxP-B0rJE,5.37
ZAYN & Taylor Swift - I Don't Wanna Live Forever (Karaoke Version),https://www.youtube.com/watch?v=xz9biBoDpGs,4.6
Charlie Puth - See You Again (Piano Demo - Karaoke Version),https://www.youtube.com/watch?v=T7Jc_2RAvH4,4.13
Jessie J - Who You Are (Karaoke Version),https://www.youtube.com/watch?v=UC28wPomKU4,4.22
John Lennon - Jealous Guy (Karaoke Version),https://www.youtube.com/watch?v=HPJMUvjoOa0,4.47
Logan Paul ft. Why Don't We - Help Me Help You (Karaoke Version),https://www.youtube.com/watch?v=hK5Ku98zXW0,2.93
"Zara Larsson, MNEK - Never Forget You (Karaoke Version)",https://www.youtube.com/watch?v=Xs0w3TstJZg,4.2
"Jung Kook, Latto - Seven (Karaoke Version) (Clean Ver.)",https://www.youtube.com/watch?v=0xnC8C2DL2M,3.32
Martin Garrix & Dua Lipa - Scared To Be Lonely (Karaoke Version),https://www.youtube.com/watch?v=Wqi7jYhNh8M,4.12
Little Mix - Shout Out To My Ex (Karaoke Version),https://www.youtube.com/watch?v=UkzGk9v24UU,4.5
Johnny Cash - Ring Of Fire (Karaoke Version),https://www.youtube.com/watch?v=ei-VpgPozgQ,2.93
Lea Salonga - The Journey (Karaoke Version),https://www.youtube.com/watch?v=TvVxh2NQZI8,4.7
Taylor Swift - cardigan (Karaoke Version),https://www.youtube.com/watch?v=LSiVDLhdxjk,4.25
Pink - F**kin' Perfect (Karaoke Version),https://www.youtube.com/watch?v=f3vmxzaH6yI,3.97
Billie Eilish - xanny (Karaoke Version),https://www.youtube.com/watch?v=3-fK1AmIDcI,4.4
Mariah Carey - Santa Claus Is Comin' To Town (Karaoke Version),https://www.youtube.com/watch?v=yIeef8WNQ6U,3.48
Kenny Rogers - The Gambler (Karaoke Version),https://www.youtube.com/watch?v=2szJYvdUglk,3.8
Logic ft. Alessia Cara & Khalid - 1-800-273-8255 (Karaoke Version),https://www.youtube.com/watch?v=szJnuzyu0ng,4.4
"Olivia Rodrigo, Julia Lester (HSMTMTS) - Wondering (Karaoke Version)",https://www.youtube.com/watch?v=lsRGOImIsAU,4.12
Panic! At The Disco - High Hopes (Karaoke Version),https://www.youtube.com/watch?v=Dc7L5ZzlrCc,3.4
Demi Lovato - Give Your Heart A Break (Karaoke Version),https://www.youtube.com/watch?v=8P0feGFmRyU,3.77
Glass Animals - Heat Waves (Karaoke Version),https://www.youtube.com/watch?v=EXZTrdKHNUo,3.92
Adele - Hello (Karaoke Version),https://www.youtube.com/watch?v=Ipq2geYz6xw,5.6
"Wiz Khalifa, Charlie Puth - See You Again (Karaoke Version)",https://www.youtube.com/watch?v=BpeuvMD66vg,4.02
Tina Turner - The Best (Karaoke Version),https://www.youtube.com/watch?v=X8Mygx8B54Y,4.47
"Gaten Matarazzo, Gabriella Pizzolo - The NeverEnding Story (Karaoke Version) from ""Stranger Things""",https://www.youtube.com/watch?v=xxguzGJQMY0,1.85
High School Musical - We're All In This Together (Karaoke Version),https://www.youtube.com/watch?v=t0q4bUW45zM,4.27
Panic! At The Disco - Death Of A Bachelor (Karaoke Version),https://www.youtube.com/watch?v=7MPe5t0o48c,3.98
BLACKPINK - Lovesick Girls (Karaoke Version),https://www.youtube.com/watch?v=V4WDQmZd2VE,3.67
Melanie Martinez - Mrs. Potato Head (Karaoke Version),https://www.youtube.com/watch?v=lB2RHp40X_8,4.12
Frank Sinatra - That's Life (Karaoke Version),https://www.youtube.com/watch?v=b22bqScoWZE,3.55
Demi Lovato - Anyone (Karaoke Version),https://www.youtube.com/watch?v=IrijEHSdDC4,4.18
Nick Jonas - Jealous (Karaoke Version),https://www.youtube.com/watch?v=Y1DrSBG50NY,3.98
Avicii - The Nights (Karaoke Version),https://www.youtube.com/watch?v=n_h8y2mzpns,3.33
Commodores - Easy (Karaoke Version),https://www.youtube.com/watch?v=iU8ZofhzVb4,4.68
B.o.B ft. Hayley Williams - Airplanes (Karaoke Version),https://www.youtube.com/watch?v=5nziYy_f6Xo,3.6
X Ambassadors - Unsteady (Karaoke Version),https://www.youtube.com/watch?v=fkoOKFgiNXQ,3.82
Halsey - Bad At Love (Karaoke Version),https://www.youtube.com/watch?v=7suNgqRla_Q,3.22
Taylor Swift - Mean (Karaoke Version),https://www.youtube.com/watch?v=qHHkdKlKhfo,4.6
Lewis Capaldi - Hold Me While You Wait (Karaoke Version),https://www.youtube.com/watch?v=0QV7xFZ508c,4.25
Shayne Ward - No Promises (Karaoke Version),https://www.youtube.com/watch?v=el6CciFwgwk,3.95
League of Legends ft. Against The Current - Legends Never Die (Karaoke Version),https://www.youtube.com/watch?v=XHP9jEIO0mo,4.15
Avicii - Waiting For Love (Karaoke Version),https://www.youtube.com/watch?v=Pc-cdGfXmp4,4.2
"Nicki Minaj - Only ft. Drake, Lil Wayne, Chris Brown (Karaoke Version)",https://www.youtube.com/watch?v=npavbyUY-iQ,5.6
Major Lazer ft. Justin Bieber & MØ - Cold Water (Karaoke Version),https://www.youtube.com/watch?v=kMb71-aWthI,3.63
Kacey Musgraves - Rainbow (Karaoke Version),https://www.youtube.com/watch?v=QjVLFKOLsEs,3.73
5 Seconds Of Summer - Teeth (Karaoke Version),https://www.youtube.com/watch?v=ZX2UJRtJiNI,3.58
Green Day - Good Riddance (Time Of Your Life) (Karaoke Version),https://www.youtube.com/watch?v=xy9r0vhOVpk,3.13
Joji - SLOW DANCING IN THE DARK (Karaoke Version),https://www.youtube.com/watch?v=yXROo8kB1Qk,3.72
Justin Bieber - Ghost (Karaoke Version),https://www.youtube.com/watch?v=5HfPe96JOFM,2.9
XXXTENTACION - Hope (Karaoke Version),https://www.youtube.com/watch?v=zxVI2zMc72Q,2.32
Laura Marano - Miraculous Ladybug Theme Song (Karaoke Version),https://www.youtube.com/watch?v=_w7YnxZ11SI,2.5
Indila - Love Story (Karaoke Version),https://www.youtube.com/watch?v=lecqaehgAF0,5.52
The Jackson 5 - I Want You Back (Karaoke Version),https://www.youtube.com/watch?v=auaqyVYmpP8,3.68
"Little Mix - Secret Love Song, Pt. II (Karaoke Version)",https://www.youtube.com/watch?v=z_fs3a7_VYU,4.97
Sia - Alive (Karaoke Version),https://www.youtube.com/watch?v=H0QBqsJF3aA,4.95
Billie Eilish - hostage (Karaoke Version),https://www.youtube.com/watch?v=REegNmz42hk,4.03
Billie Eilish - hostage (Karaoke Version),https://www.youtube.com/watch?v=REegNmz42hk,4.03
Melanie Martinez - Cry Baby (Karaoke Version),https://www.youtube.com/watch?v=Ax0IkqNBSoU,4.67
Ariana Grande - breathin (Karaoke Version),https://www.youtube.com/watch?v=DAGZIVaDSEw,3.67
Zay Hilfigerrr & Zayion McCall – Juju On That Beat (Karaoke Version),https://www.youtube.com/watch?v=afjaNdzlU1s,2.97
XXXTentacion - Moonlight (Karaoke Version),https://www.youtube.com/watch?v=pOnx3VJteCA,2.42
Justin Bieber & benny blanco -  Lonely (Karaoke Version),https://www.youtube.com/watch?v=jaWlZ_U-jDc,2.82
XXXTENTACION - Jocelyn Flores (Karaoke Version),https://www.youtube.com/watch?v=MZY0x2w_tsY,2.4
The Greatest Showman - Never Enough (Piano Version),https://www.youtube.com/watch?v=O61upKFDL9I,3.5
Ed Sheeran - Galway Girl (Karaoke Version),https://www.youtube.com/watch?v=2axTFDFnj-Q,3.27
Selena Gomez - Kill Em With Kindness (Karaoke Version),https://www.youtube.com/watch?v=h1_H_k9tUAg,4.15
Luke Combs - Beautiful Crazy (Karaoke Version),https://www.youtube.com/watch?v=2EqbICF1O88,3.42
Yarichin B Club - Touch You (Karaoke Version),https://www.youtube.com/watch?v=51pAw0s7IXU,3.8
Ella Henderson - Yours (Valentine's Day Karaoke),https://www.youtube.com/watch?v=IOowGOU1BXc,3.07
My Chemical Romance - Welcome To The Black Parade (Karaoke Version),https://www.youtube.com/watch?v=EkJ2NL6xpcc,5.35
Shawn Mendes - In My Blood (Karaoke Version),https://www.youtube.com/watch?v=1UIGgaw2gTY,3.85
Michael Jackson - The Way You Make Me Feel (Karaoke Version),https://www.youtube.com/watch?v=G5Fiuz7Xnio,5.57
Silento - Watch Me (Whip / Nae Nae) (Karaoke Version),https://www.youtube.com/watch?v=HEv6E4hz8cM,3.37
John Legend - Ordinary People (Karaoke Version),https://www.youtube.com/watch?v=I93Xg1aZFEQ,4.98
"Earth, Wind & Fire - September (Karaoke Version)",https://www.youtube.com/watch?v=cKRmRYad318,4.07
KYLE ft. Lil Yachty - iSpy (Karaoke Version),https://www.youtube.com/watch?v=wzjl9K2269U,4.37
Pitbull and Ke$ha - Timber (Karaoke Version),https://www.youtube.com/watch?v=Cnz3ayX8dyg,3.73
Major Lazer & DJ Snake (feat. MØ) - Lean On (Karaoke Version),https://www.youtube.com/watch?v=9X8Bsgz8DfQ,3.23
Taylor Swift - Red (Karaoke Version),https://www.youtube.com/watch?v=vq9GUJnBJRc,3.95
Melanie Martinez - Pity Party (Karaoke Version),https://www.youtube.com/watch?v=fOWLajLvqXg,3.68
Ariana Grande and Big Sean - Best Mistake (Karaoke Version),https://www.youtube.com/watch?v=xpo4FUydnMM,4.22
Selena Gomez ft. A$AP Rocky - Good For You (Karaoke Version),https://www.youtube.com/watch?v=WggYVunMNTA,4.03
Katy Perry - Last Friday Night (T.G.I.F) (Karaoke Version),https://www.youtube.com/watch?v=ZJ_-i6MhWq8,4.25
Melanie Martinez - Cake (Karaoke Version),https://www.youtube.com/watch?v=5J_D7SfIc94,3.85
Desiigner - Panda (Karaoke Version),https://www.youtube.com/watch?v=Wg_-u5cjI4s,4.85
Melanie Martinez - Soap (Karaoke Version),https://www.youtube.com/watch?v=klzWPpowZcQ,3.83
"Bill Medley, Jennifer Warnes - (I've Had) The Time Of My Life (Karaoke Version)",https://www.youtube.com/watch?v=8wBiWyYpaLc,5.85
Adele - Chasing Pavements (Karaoke Version),https://www.youtube.com/watch?v=3ovRDVtkmn8,4.15
Avicii - Hey Brother (Karaoke Version),https://www.youtube.com/watch?v=7fjomuUR2kM,4.6
"Louis Tomlinson ft. Bebe Rexha, Digital Farm Animals - Back To You (Karaoke Version)",https://www.youtube.com/watch?v=nM-4WxGjYW0,3.63
"Kygo, Selena Gomez - It Ain't Me (Karaoke Version)",https://www.youtube.com/watch?v=p9StrUuAtCg,4.1
Gina T - Sail Over Seven Seas (Karaoke Songs),https://www.youtube.com/watch?v=-dlXnvxWe-s,4.75
Zach Bryan - Something in the Orange (Karaoke Version),https://www.youtube.com/watch?v=zSnv3nZBcoc,3.92
Mark Ronson ft . Miley Cyrus - Nothing Breaks Like A Heart (Karaoke Version),https://www.youtube.com/watch?v=Ev30RsVnQUs,3.83
The Greatest Showman - The Other Side (Karaoke Version),https://www.youtube.com/watch?v=xsYWYvCJAbs,3.85
Amy Winehouse - Rehab (Karaoke Version),https://www.youtube.com/watch?v=RQZscYrhLtA,3.98
Demi Lovato - Let It Go (Karaoke Version),https://www.youtube.com/watch?v=1enflc905ME,4.38
Idina Menzel & Michael Bublé - Baby It's Cold Outside (Karaoke Version),https://www.youtube.com/watch?v=te5_kvfz82c,2.98
James Bay - Hold Back The River (Karaoke Version),https://www.youtube.com/watch?v=Ral1tVPTNBA,4.28
Kehlani - Gangsta (from Suicide Squad) (Karaoke Version),https://www.youtube.com/watch?v=cyrpA6fx2sU,3.57
Jonas Brothers - Sucker (Karaoke Version),https://www.youtube.com/watch?v=xZCLLVYq3O8,3.35
Miley Cyrus - Malibu (Karaoke Version),https://www.youtube.com/watch?v=yF7IS5Lw_ws,4.13
Lady Gaga - Born This Way (Karaoke Version),https://www.youtube.com/watch?v=NatvhO5ihAk,4.7
Sub Urban - Cradles (Karaoke Version),https://www.youtube.com/watch?v=SkvLj4WENkI,3.95
Taylor Swift - ...Ready For It? (Karaoke Version),https://www.youtube.com/watch?v=6ZwT3v-rZRk,3.72
Auburn - The Perfect Two (Karaoke Version),https://www.youtube.com/watch?v=Qnw4FAxd3fc,4.5
Train - Drops Of Jupiter (Karaoke Version),https://www.youtube.com/watch?v=68HfJMN5YUQ,4.67
Tyla - Water (Karaoke Version),https://www.youtube.com/watch?v=_KZCVehzPK4,3.6
Rihanna ft. Calvin Harris - We Found Love (Karaoke Version),https://www.youtube.com/watch?v=XclNcFENpvA,3.97
Ellie Goulding - Burn (Karaoke Version),https://www.youtube.com/watch?v=doarFqjcTfg,4.18
Taylor Swift - Speak Now (Karaoke Version),https://www.youtube.com/watch?v=R4ugqhEZfcI,4.45
Sia - Bird Set Free (Karaoke Version),https://www.youtube.com/watch?v=QPUh2yRv5mM,4.75
Tracy Chapman - Fast Car (Karaoke Version),https://www.youtube.com/watch?v=Wm6-X6yPHVI,5.17
Alicia Keys - Fallin' (Karaoke Version),https://www.youtube.com/watch?v=yQcTzxmG1ro,3.58
Clairo - Sofia (Karaoke Version),https://www.youtube.com/watch?v=jiJ4_-jVHYI,3.57
Kate Bush - Running Up That Hill (A Deal With God) (Karaoke Version),https://www.youtube.com/watch?v=UPd80vvFNtY,5.12
Seal - Kiss From A Rose (Karaoke Version),https://www.youtube.com/watch?v=Ug6Mr144qrM,5.47
John Lennon - Happy Xmas (War Is Over) (Karaoke Version),https://www.youtube.com/watch?v=6E0BRIN3Z0c,4.13
Rihanna - Russian Roulette (Karaoke Version),https://www.youtube.com/watch?v=xNRXuxrHrrk,4.08
Los Lobos - La Bamba (Karaoke Version),https://www.youtube.com/watch?v=9LP71ypf2qg,2.72
Julie and The Phantoms - Wake Up (Karaoke Version),https://www.youtube.com/watch?v=TecAH_OrSZs,3.97
Ed Sheeran & Justin Bieber - I Don't Care (Karaoke Version),https://www.youtube.com/watch?v=gSLONLzgUOs,3.97
Travis Scott ft. Drake - SICKO MODE (Karaoke Version),https://www.youtube.com/watch?v=fSVUvFxu0r0,5.27
Roddy Ricch - The Box (Karaoke Version),https://www.youtube.com/watch?v=TKVEaCmS0Zw,3.45
Lady Gaga - Bloody Mary (Karaoke Version),https://www.youtube.com/watch?v=ECpCDK-2rkg,4.1
Donna Summer - Hot Stuff (Karaoke Version),https://www.youtube.com/watch?v=U1uTOOuXqIs,4.23
Bars and Melody - Hopeful (Karaoke Version),https://www.youtube.com/watch?v=o68oHN_opVQ,3.17
"Daya - Sit Still, Look Pretty (Karaoke Version)",https://www.youtube.com/watch?v=wXvtiVypqu0,3.95
High School Musical 2 - Fabulous (Karaoke Version),https://www.youtube.com/watch?v=42sZMRaJe5w,3.67
NewJeans - Super Shy (Karaoke Version),https://www.youtube.com/watch?v=1O1SG71rfoI,2.82
Chord Overstreet - Hold On (Karaoke Version),https://www.youtube.com/watch?v=XvLQ-eNKIzk,3.58
Queen - Radio Ga Ga (Karaoke Version),https://www.youtube.com/watch?v=DKTs8sLLdc0,5.97
George Ezra - Budapest (Karaoke Version),https://www.youtube.com/watch?v=CioqlHi-2b4,3.7
Descendants 2 - Ways To Be Wicked (Karaoke Version),https://www.youtube.com/watch?v=IEn49CU7IrA,3.52
Masked Wolf - Astronaut In The Ocean (Karaoke Version),https://www.youtube.com/watch?v=dtbP_vrw_mw,2.63
Melanie Martinez - Alphabet Boy (Karaoke Version),https://www.youtube.com/watch?v=u2jQRPVtfgE,4.9
Camila Cabello - Never Be The Same (Karaoke Version),https://www.youtube.com/watch?v=O6EhpqFNy_U,4.13
HRVY - Personal (Karaoke Version),https://www.youtube.com/watch?v=dnQRUl1P6-s,3.62
Labrinth ft. Emeli Sande - Beneath Your Beautiful (Karaoke Version),https://www.youtube.com/watch?v=C233y8-aY14,4.75
"RAYE, 070 Shake - Escapism. (Karaoke Version)",https://www.youtube.com/watch?v=hCV1Th0KSJQ,4.68
Dua Lipa & BLACKPINK - Kiss And Make Up (Karaoke Version),https://www.youtube.com/watch?v=wfkadIQRqbU,3.43
Ruth B - Superficial Love (Karaoke Version),https://www.youtube.com/watch?v=mytwQTeWQOc,4.03
Sara Bareilles - Gravity (Karaoke Version),https://www.youtube.com/watch?v=dQuzZXLWVqU,4.12
"Shakira - Whenever, Wherever (Karaoke Version)",https://www.youtube.com/watch?v=QzR3FiN1YSQ,3.35
Paramore - Misery Business (Karaoke Version),https://www.youtube.com/watch?v=dZUHFTH2wYY,4.07
Shawn Mendes - Life Of The Party (Karaoke Version),https://www.youtube.com/watch?v=3xtbMy_hcY4,3.82
DNCE - Cake By The Ocean (Karaoke Version),https://www.youtube.com/watch?v=dWm4HGEf2u0,4.17
Halsey - Gasoline (Karaoke Version),https://www.youtube.com/watch?v=nZWWMlEt1iY,3.58
Dolly Parton - 9 To 5 (Karaoke Version),https://www.youtube.com/watch?v=OqQz92Od-HU,3.33
Nicki Minaj - Pills N Potions (Karaoke Version),https://www.youtube.com/watch?v=3eWhaHn_6hE,4.77
Ella Henderson - Ghost (Karaoke Version),https://www.youtube.com/watch?v=PAv5xhWR2NU,4.2
Freya Ridings - Lost Without You (Karaoke Version),https://www.youtube.com/watch?v=Mw3XBaq90Zs,4.12
Billie Eilish - Six Feet Under (Karaoke Version),https://www.youtube.com/watch?v=mbdrN6f1j6o,3.65
Bebe Rexha ft. Florida Georgia Line - Meant To Be (Karaoke Version),https://www.youtube.com/watch?v=-cS2mcNnQfY,3.08
Richard Marx - Now & Forever (Karaoke Version),https://www.youtube.com/watch?v=ICUrHapBGQI,3.72
Bonnie Tyler - If I Sing You a Love Song (Karaoke Version),https://www.youtube.com/watch?v=k6gcSuNufhA,4.88
UB40 - Red Red Wine (Karaoke Version),https://www.youtube.com/watch?v=clsnqc0v4qY,3.47
Tom Jones - You're My World (Karaoke Version),https://www.youtube.com/watch?v=e_yvyWPb2hI,3.68
LANY - ILYSB (Karaoke Version),https://www.youtube.com/watch?v=JjVtGC7jcdU,3.93
Billy Ray Cyrus - Achy Breaky Heart (Karaoke Version),https://www.youtube.com/watch?v=HisAayo4Dio,3.53
Sabrina Carpenter - Nonsense (Karaoke Version),https://www.youtube.com/watch?v=qZaS1OT9xQI,2.83
Taylor Swift and Ed Sheeran - Everything Has Changed (Karaoke Version),https://www.youtube.com/watch?v=j3zBJPk0Jtk,4.25
Alan Walker ft. Noah Cyrus - All Falls Down (Karaoke Version),https://www.youtube.com/watch?v=Yy8_0pD6Fj0,3.68
Amy Grant - Winter Wonderland (Karaoke Version),https://www.youtube.com/watch?v=u8PBsrnzGU4,2.57
Nat King Cole - The Christmas Song (Merry Christmas To You) (Karaoke Version),https://www.youtube.com/watch?v=s1rgRFVUIJQ,3.53
MYMP - Only Reminds Me Of You (Karaoke Version),https://www.youtube.com/watch?v=j-HWqIw0B_Q,4.62
Lil Nas X - MONTERO (Call Me By Your Name) (Karaoke Version),https://www.youtube.com/watch?v=gmmZrbVBOd0,2.52
Taylor Swift - Gorgeous (Karaoke Version),https://www.youtube.com/watch?v=MohQxsMc2Es,3.63
Sabrina Carpenter - Can't Blame A Girl For Trying (Karaoke Version),https://www.youtube.com/watch?v=s4zdE6vw8dc,3.15
Harry Styles - Adore You (Karaoke Version),https://www.youtube.com/watch?v=XL24DbgCWgQ,3.92
Billie Eilish - Bored (Karaoke Version),https://www.youtube.com/watch?v=5yWgec4Drwc,3.37
Katy Perry - Rise (Karaoke Version),https://www.youtube.com/watch?v=6yQVtrqx5sU,3.97
Ricky Montgomery - Mr. Loverman (Karaoke Version),https://www.youtube.com/watch?v=dBHbxo_Pmj8,3.93
Keane - Everybody's Changing (Karaoke Version),https://www.youtube.com/watch?v=OZD6H9SGIB8,3.92
Demi Lovato - Cool For The Summer (Karaoke Version),https://www.youtube.com/watch?v=BqiBmont1ZQ,3.93
Arizona Zervas - Roxanne (Karaoke Version),https://www.youtube.com/watch?v=CRZ8DjDfnEE,2.92
One Direction - If I Could Fly (Karaoke Version),https://www.youtube.com/watch?v=vaWw6qZa6BI,4.48
The Living Tombstone - It's Been So Long (FNAF 2 - Karaoke Version),https://www.youtube.com/watch?v=Tz7SS5LUKT0,3.25
Maroon 5 ft. Christina Aguilera - Moves Like Jagger (Karaoke Version),https://www.youtube.com/watch?v=hAwR8Mx8W44,3.73
Arctic Monkeys - Do I Wanna Know? (Karaoke Version),https://www.youtube.com/watch?v=edorf0kTnJw,4.72
"Sam Smith, Normani - Dancing With A Stranger (Karaoke Version)",https://www.youtube.com/watch?v=oSRYZ29SoYM,3.4
G-Eazy & Halsey - Him & I (Karaoke Version),https://www.youtube.com/watch?v=d-y2PfMoUec,4.88
R.E.M. - Everybody Hurts (Karaoke Version),https://www.youtube.com/watch?v=Nyn4MreKIk4,5.67
Katy Perry - Teenage Dream (Karaoke Version),https://www.youtube.com/watch?v=kUyhDgryS3g,4.4
"DJ Khaled ft. Justin Bieber, Quavo, Chance The Rapper, Lil Wayne - I'm The One (Karaoke Version)",https://www.youtube.com/watch?v=sTvMJOFK_Zo,5.18
girl in red - we fell in love in october (Karaoke Version),https://www.youtube.com/watch?v=p0FFm6WvMDQ,3.33
Jason Derulo ft. Nicki Minaj & Ty Dolla $ign - Swalla (Karaoke Version),https://www.youtube.com/watch?v=_9sw6y2YzIA,4.07
Ariana Grande - positions (Karaoke Version),https://www.youtube.com/watch?v=2gmzIHU_714,3.25
Ava Max - Kings & Queens (Karaoke Version),https://www.youtube.com/watch?v=BlpAh1A8PHI,3.12
The Neighbourhood - Daddy Issues (Karaoke Version),https://www.youtube.com/watch?v=M5aSLc-3FfY,4.78
"Jess Glynne - Take Me Home (Karaoke, Single Version)",https://www.youtube.com/watch?v=8w1lQpUo16A,4.3
Little Mix - Touch (Karaoke Version),https://www.youtube.com/watch?v=Gn7LvvBAP80,3.92
Of Monsters And Men - Little Talks (Karaoke Version),https://www.youtube.com/watch?v=XTy69A8XNeM,4.45
Ariana Grande - 34+35 (Karaoke Version),https://www.youtube.com/watch?v=Yykv6iCQMZY,3.3
Sophia Grace ft. Silento - Girl In The Mirror (Karaoke Version),https://www.youtube.com/watch?v=iYCxpzyfC1s,4.25
Descendants 3  - Night Falls (Karaoke Version),https://www.youtube.com/watch?v=hCvAn9BtCvE,3.5
Troye Sivan - Youth (Karaoke Version),https://www.youtube.com/watch?v=csI7n4NKpmE,3.8
Lizzy McAlpine - ceilings (Karaoke Version),https://www.youtube.com/watch?v=vUWsC88Copw,3.22
"G-Eazy x Bebe Rexha - Me, Myself & I (Karaoke Version)",https://www.youtube.com/watch?v=xXbk3InFCxY,4.77
Machine Gun Kelly & Camila Cabello - Bad Things (Karaoke Version),https://www.youtube.com/watch?v=N4_tpI18un4,4.38
One Direction - One Thing (Karaoke Version),https://www.youtube.com/watch?v=K23X9sfz_Jk,3.72
Edith Whiskers - Home (Karaoke Version),https://www.youtube.com/watch?v=RQoKTZPPttQ,3.58
Ne-Yo - Miss Independent (Karaoke Version),https://www.youtube.com/watch?v=hHP_GEZIjTg,4.33
"Sam Smith, Kim Petras - Unholy (Karaoke Version)",https://www.youtube.com/watch?v=60QVBCd7JNw,2.68
Billie Eilish  - bitches broken hearts (Karaoke Version),https://www.youtube.com/watch?v=vRQMsrd4ZAw,3.33
Billie Eilish  - bitches broken hearts (Karaoke Version),https://www.youtube.com/watch?v=vRQMsrd4ZAw,3.33
ROSALÍA & J Balvin - Con Altura ft. El Guincho (Karaoke Version),https://www.youtube.com/watch?v=iS6UtPjMNLE,2.78
Mike Posner - I Took A Pill In Ibiza (SeeB Remix) (Karaoke Version),https://www.youtube.com/watch?v=zPgyip8Hakg,3.85
Melanie Martinez - Carousel (Karaoke Version),https://www.youtube.com/watch?v=JIDBnlp2AIw,4.17
"Y2K, bbno$ - Lalala (Karaoke Version)",https://www.youtube.com/watch?v=GxAP5FDWl5A,3.05
V (BTS) - Winter Bear (Karaoke Version),https://www.youtube.com/watch?v=V1jsX0Z3Zms,3.22
Charlie Puth - How Long (Karaoke Version),https://www.youtube.com/watch?v=jzz2RU5hOCc,3.53
James Newton Howard and Jennifer Lawrence - The Hanging Tree (Karaoke Version),https://www.youtube.com/watch?v=o_sbV5vH4aM,3.93
The Beatles - Come Together (Karaoke Version),https://www.youtube.com/watch?v=D9gA8erVrcY,5
Britney Spears - Lucky (Karaoke Version),https://www.youtube.com/watch?v=hzR9lRaiJMI,3.68
Cavetown - This Is Home (Karaoke Version),https://www.youtube.com/watch?v=JRkJlxO4qhM,4.17
Pink - Just Like Fire (Karaoke Version),https://www.youtube.com/watch?v=dLYuZC6Czfw,4.2
Alan Walker - Sing Me To Sleep (Karaoke Version),https://www.youtube.com/watch?v=9-3_EknhrI4,3.42
Jason Derulo and Snoop Dogg - Wiggle (Karaoke Version),https://www.youtube.com/watch?v=s2gD1jwjU_M,3.53
Panic! At The Disco - This Is Gospel (Piano) (Karaoke Version),https://www.youtube.com/watch?v=S3yTwGOOhmk,3.55
Lana Del Rey - West Coast (Karaoke Version),https://www.youtube.com/watch?v=ZIduCDtNICU,4.53
Alex & Sierra - Little Do You Know (Karaoke Version),https://www.youtube.com/watch?v=ZQGU6_ZjWwg,3.32
Niall Horan - Slow Hands (Karaoke Version),https://www.youtube.com/watch?v=3W9XbTGdakA,3.52
Michael Bolton - How Am I Supposed To Live Without You (Karaoke Version),https://www.youtube.com/watch?v=JVN9XsGSQw0,4.4
FINNEAS - Break My Heart Again (Karaoke Version),https://www.youtube.com/watch?v=pDPacquHrCE,4.27
The Greatest Showman - Rewrite The Stars (Piano Version),https://www.youtube.com/watch?v=q5zz2QhThmE,4.25
Little Mix - Wings (Karaoke Version),https://www.youtube.com/watch?v=nfH5F0vqzuQ,3.98
"Fall Out Boy - Sugar, We're Going Down (Karaoke Version)",https://www.youtube.com/watch?v=d5lOB7Ibjhg,4.37
Tom Jones - Delilah (Karaoke Version),https://www.youtube.com/watch?v=AiICGcP5SzM,3.55
Lorde - Liability (Karaoke Version),https://www.youtube.com/watch?v=J6ARCHkdQGc,3.08
P!nk - A Million Dreams (Karaoke Version) | Sing King Karaoke,https://www.youtube.com/watch?v=cLq1IdfZLog,4.8
Billie Eilish - watch (Karaoke Version),https://www.youtube.com/watch?v=ZPfvjEkbb4w,3.22
Calvin Harris & Disciples - How Deep Is Your Love (Karaoke Version),https://www.youtube.com/watch?v=DE7Ve7N49Is,4.12
Carly Rae Jepsen - I Really Like You (Karaoke Version),https://www.youtube.com/watch?v=VILLFThUZko,3.75
Ella Mai - Boo'd Up (Karaoke Version),https://www.youtube.com/watch?v=a-d9H0yCMJc,4.32
Frozen 2 - Some Things Never Change (Karaoke Version),https://www.youtube.com/watch?v=mnD7nbTjZ6U,3.97
The Chainsmokers & Coldplay - Something Just Like This (Karaoke Version),https://www.youtube.com/watch?v=1FE7rNOZjC8,4.42
The Band Perry - If I Die Young (Karaoke Version),https://www.youtube.com/watch?v=O19c8OMCykY,3.95
Simple Minds - Don't You (Forget About Me) (Karaoke Version),https://www.youtube.com/watch?v=OozUwqWbXzc,4.67
"Cardi B, Bad Bunny & J Balvin - I Like It (Karaoke Version)",https://www.youtube.com/watch?v=tPWU56optms,4.4
Descendants 3 - One Kiss (Karaoke Version),https://www.youtube.com/watch?v=YaYiM6xLuCo,2.82
Jonas Blue ft. William Singe - Mama (Karaoke Version),https://www.youtube.com/watch?v=6SvC0PZ36Xg,3.33
The Jungle Book - Bare Necessities (Karaoke Version),https://www.youtube.com/watch?v=NVEf7dhMurM,5.42
Jordin Sparks - Tattoo (Karaoke Version),https://www.youtube.com/watch?v=d4E9wOh-3ME,4.1
Lady A - The First Noël (Karaoke Version),https://www.youtube.com/watch?v=R6RCCNdGu30,3.68
Beverley Craven - Promise Me (Karaoke Version),https://www.youtube.com/watch?v=OgtYP649W_Y,3.55
Drake - God's Plan (Karaoke Version),https://www.youtube.com/watch?v=b1xiezhCNJo,3.42
Lauren Daigle - Rescue (Karaoke Version),https://www.youtube.com/watch?v=NSrVn6PfAtU,3.97
twenty one pilots - Car Radio (Karaoke Version),https://www.youtube.com/watch?v=w0ZoSRQ5xSg,5.03
Harry Styles - Sweet Creature (Karaoke Version),https://www.youtube.com/watch?v=Fsqq8hjLDO0,4.1
Katy Perry - Part Of Me (Karaoke Version),https://www.youtube.com/watch?v=da1K-sP_Nys,3.9
Lil Eddie - Statue (Karaoke Version),https://www.youtube.com/watch?v=WFCozXnIKlk,4.5
Sabrina Carpenter - Thumbs (Karaoke Version),https://www.youtube.com/watch?v=sPnxLo6CRcQ,4.03
Sofia Carson - Love Is The Name (Karaoke Version),https://www.youtube.com/watch?v=QA2BRqXroEg,4.13
"Frank Sinatra - Theme from New York, New York (Karaoke Version)",https://www.youtube.com/watch?v=4giwDeT59AA,3.68
Ariana Grande - Last Christmas (Karaoke Version),https://www.youtube.com/watch?v=r9ucN2tSnDE,4.17
NF - Let You Down (Karaoke Version),https://www.youtube.com/watch?v=zp1KkQMiPt0,3.73
The Beatles - I Want To Hold Your Hand (Karaoke Version),https://www.youtube.com/watch?v=byhOlv1UvBQ,2.73
Skeeter Davis - The End of the World (Karaoke Version),https://www.youtube.com/watch?v=P3XgPgTrVGk,2.8
Queen & David Bowie - Under Pressure (Karaoke Version),https://www.youtube.com/watch?v=kFD2IRBG35c,4.05
Fetty Wap ft. Remy Boyz - 679 (Karaoke Version),https://www.youtube.com/watch?v=v6FuK3w3iBk,3.58
"Ariana Grande - break up with your girlfriend, i'm bored (Karaoke Version)",https://www.youtube.com/watch?v=XclsUVJNv40,3.38
V - Sweet Night (Karaoke Version),https://www.youtube.com/watch?v=F6PzaxH_TaA,3.85
Backstreet Boys - Everybody (Backstreet's Back) (Karaoke Version),https://www.youtube.com/watch?v=keejy6-6xt4,4.45
Chris Brown and Justin Bieber - Next To You (Karaoke Version),https://www.youtube.com/watch?v=NEH_jPXDOMA,4.57
BØRNS - Electric Love (Karaoke Version),https://www.youtube.com/watch?v=9520UyI0KsE,4.07
Queen - Killer Queen (Karaoke Version),https://www.youtube.com/watch?v=keoUdoKu8Is,3.35
Trevor Daniel - Falling (Karaoke Version),https://www.youtube.com/watch?v=Q7Moarwc_I8,3.07
Ella Mai - Trip (Karaoke Version),https://www.youtube.com/watch?v=7efCH-o6J0s,4.05
Lana Del Rey - Ride (Karaoke Version),https://www.youtube.com/watch?v=4Upnkdnzm00,5.1
Kelly Clarkson - Piece By Piece (Karaoke Version),https://www.youtube.com/watch?v=E7tMc-vrxTw,4.95
Lady Gaga - The Edge Of Glory (Karaoke Version),https://www.youtube.com/watch?v=lhh-ajANmcI,5.5
Justin Bieber - Yummy (Karaoke Version),https://www.youtube.com/watch?v=NxQYcM0Kw2Q,3.65
Shakin' Stevens - Merry Christmas Everyone (Karaoke Version),https://www.youtube.com/watch?v=1HvR0ZAB_Xs,4.03
Céline Dion - How Does A Moment Last Forever (Karaoke Version),https://www.youtube.com/watch?v=9v8RX3vEru4,4.05
Dua Lipa - Break My Heart (Karaoke Version),https://www.youtube.com/watch?v=Sb2GhD-wGtM,4.08
Fall Out Boy - Centuries (Karaoke Version),https://www.youtube.com/watch?v=1EFhj_ofcnw,4.18
5 Seconds Of Summer - Youngblood (Karaoke Version),https://www.youtube.com/watch?v=2drs07dhS7Y,3.72
24kGoldn ft. iann dior - Mood (Karaoke Version),https://www.youtube.com/watch?v=Uukz0TWFfEk,2.83
wave to earth - seasons (Karaoke Version),https://www.youtube.com/watch?v=DvDcbqyBlEM,4.32
Sabrina Carpenter - because i liked a boy (Karaoke Version),https://www.youtube.com/watch?v=d5x3vS__7ZU,3.52
The Beatles - Blackbird (Karaoke Version),https://www.youtube.com/watch?v=aeyxufMtcOY,2.72
My Chemical Romance - Teenagers (Karaoke Version),https://www.youtube.com/watch?v=ixGt1ajjOyA,3.05
Band Aid - Do They Know It's Christmas? (Karaoke Version),https://www.youtube.com/watch?v=FEZ5GOCcC0k,4.13
Billie Eilish - my strange addiction (Karaoke Version),https://www.youtube.com/watch?v=BMJkyKSlm3o,3.27
Kina ft. Snøw - Get You The Moon (Karaoke Version),https://www.youtube.com/watch?v=vwPkRY3qUkU,3.57
Demi Lovato - Confident (Karaoke Version),https://www.youtube.com/watch?v=fTfT1JwAy3Q,3.97
Village People - YMCA (Karaoke Version),https://www.youtube.com/watch?v=nRjFavXA8pE,4.35
Frozen 2 - Lost In The Woods (Karaoke Version),https://www.youtube.com/watch?v=C_JjU5QGQQs,3.32
mxmtoon - Prom Dress (Karaoke Version),https://www.youtube.com/watch?v=7BS4cavay2I,3.58
MKTO - Classic (Karaoke Version),https://www.youtube.com/watch?v=nWR9KwCCdok,3.27
ABBA - Waterloo (Karaoke Version),https://www.youtube.com/watch?v=wphW2H4ucg4,3.15
Taylor Swift - The Story Of Us (Karaoke Version),https://www.youtube.com/watch?v=ENjvYNv_I58,4.92
Big Sean and E-40 - I Don't F**k With You (Karaoke Version),https://www.youtube.com/watch?v=n00SsD-7iZw,5.08
Daya - Hide Away (Karaoke Version),https://www.youtube.com/watch?v=-iWvqnq4H0s,3.68
Halsey - Colors (Karaoke Version),https://www.youtube.com/watch?v=pYlFRLTwC8w,4.73
Ed Sheeran - Don't (Karaoke Version),https://www.youtube.com/watch?v=MwAY-Cx4VAI,3.93
Riverdale - Mad World (Karaoke Version),https://www.youtube.com/watch?v=OKSgEzfWoCo,3.43
Migos ft. Lil Uzi Vert - Bad and Boujee (Karaoke Version),https://www.youtube.com/watch?v=e4kJhbDoGq8,6.03
Iggy Azalea - Work (Karaoke Version),https://www.youtube.com/watch?v=MaoUGscvHOU,3.87
One Direction - Live While We're Young (Karaoke Version),https://www.youtube.com/watch?v=rKrWfymxj5o,3.65
Olly Murs ft. Demi Lovato - Up (Karaoke Version),https://www.youtube.com/watch?v=7FJQCZ8W7zE,4.03
Nina Simone - Feeling Good (Karaoke Version),https://www.youtube.com/watch?v=KHigN-Sgk5I,3.2
Ariana Grande - My Everything (Karaoke Version),https://www.youtube.com/watch?v=Zk4QsyEDphk,3.17
Little Mix - Hair (Karaoke Version),https://www.youtube.com/watch?v=2PYU-D4bVEk,4.03
The Vamps and Demi Lovato - Somebody To You (Karaoke Version),https://www.youtube.com/watch?v=0vjO6_uc__A,3.42
Limahl - Never Ending Story (Karaoke Version),https://www.youtube.com/watch?v=OLL1YGO8ZzY,3.92
City Girls - Act Up (Karaoke Version),https://www.youtube.com/watch?v=jrZNeq0TOHg,2.9
Taylor Swift feat. Brendon Urie -  ME! (Karaoke Version),https://www.youtube.com/watch?v=R5Fq8T_s7i8,3.6
Justin Bieber ft. Quavo - Intentions (Karaoke Version),https://www.youtube.com/watch?v=QfHbuJW59EE,3.77
Sam Smith - Like I Can (Karaoke Version),https://www.youtube.com/watch?v=IQs4p65sgLQ,3.22
The Living Tombstone - Five Nights At Freddy's (Karaoke Version),https://www.youtube.com/watch?v=8rUxhnPcbZ8,2.72
Doja Cat - Streets (Karaoke Version),https://www.youtube.com/watch?v=gNciVzNpiIc,4.18
Dove Cameron - Better In Stereo (Karaoke Version),https://www.youtube.com/watch?v=Hq9ea4O6ODM,3.58
Little Mix - Love Me Or Leave Me (Karaoke Version),https://www.youtube.com/watch?v=Nn0RrIffVoI,3.93
Becky G - Sola (Karaoke Version),https://www.youtube.com/watch?v=j2M23mNY-aI,4.77
David Guetta ft. Justin Bieber - 2U (Karaoke Version),https://www.youtube.com/watch?v=k0ozznP9RcE,3.68
Taylor Swift - Anti-Hero (Karaoke Version),https://www.youtube.com/watch?v=TdPPo-hs5kA,3.5
Katy Perry ft. Nicki Minaj - Swish Swish (Karaoke Version),https://www.youtube.com/watch?v=Qj90N-DFezk,4.48
Backstreet Boys - Show Me The Meaning Of Being Lonely (Karaoke Version),https://www.youtube.com/watch?v=D55PJU_AyQs,4.37
Camila Cabello - Shameless (Karaoke Version),https://www.youtube.com/watch?v=q5fv_CT6MEo,4.13
Katy Perry ft. Skip Marley - Chained To The Rhythm (Karaoke Version),https://www.youtube.com/watch?v=G_CKqgdVpyM,4.33
Weird Genius ft. Sara Fajira - Lathi (Karaoke Version),https://www.youtube.com/watch?v=k6qLc9iD1cI,3.27
Nicki Minaj ft. Rihanna - Fly (Karaoke Version),https://www.youtube.com/watch?v=hlhCJAmumc0,3.95
Berlin - Take My Breath Away (Karaoke Version),https://www.youtube.com/watch?v=uIMabU0PIKU,4.55
Sugarland - Stay (Karaoke Version),https://www.youtube.com/watch?v=HibqmaLvNjs,4.97
Lil Dicky - Earth (Karaoke Version),https://www.youtube.com/watch?v=DeSk10qUEiQ,4.93
Aladdin - Friend Like Me (Karaoke Version),https://www.youtube.com/watch?v=kHPI6562b7Q,2.85
Grace ft. G-Eazy - You Don't Own Me (Karaoke Version),https://www.youtube.com/watch?v=-NRcXi3h25s,3.88
Panic! At The Disco - Into The Unknown (Karaoke Version),https://www.youtube.com/watch?v=fZHHfJuGU-E,5
Lady Gaga - Applause (Karaoke Version),https://www.youtube.com/watch?v=7_TY6EGoozE,3.83
Ava Max -  So Am I (Karaoke Version),https://www.youtube.com/watch?v=xa17TPwdWZ0,3.35
Andy Williams - It's The Most Wonderful Time Of The Year (Karaoke Version),https://www.youtube.com/watch?v=dD3I4k0gA2M,2.93
"DJ Snake - Taki Taki ft. Selena Gomez, Ozuna, Cardi B (Karaoke Version)",https://www.youtube.com/watch?v=QAiDXelc9-I,3.87
"Gracie Abrams - I miss you, I'm sorry (Karaoke Version)",https://www.youtube.com/watch?v=bCdTEH6OQBc,3.28
Elha Nympha - Wonderful Tonight (Karaoke Version),https://www.youtube.com/watch?v=zaWRg0fSkwI,3.88
Juice WRLD - All Girls Are The Same (Karaoke Version),https://www.youtube.com/watch?v=XDwWdQiFiVc,3.17
DJ Jazzy Jeff & The Fresh Prince - The Fresh Prince Of Bel-Air (Karaoke Version),https://www.youtube.com/watch?v=z0VQIRZ9xSk,3.08
Dua Lipa - Homesick (Karaoke Version),https://www.youtube.com/watch?v=rButbqDqAe8,3.98
The Foundations - Build Me Up Buttercup (Karaoke Version),https://www.youtube.com/watch?v=0TvbvdSQQWU,3.43
Calvin Harris and Ellie Goulding - I Need Your Love (Karaoke Version),https://www.youtube.com/watch?v=z1aF-nGMLc0,4.15
Camila Cabello - Real Friends (Karaoke Version),https://www.youtube.com/watch?v=eJZ5QHJPQz8,3.72
Fifth Harmony - I'm In Love With A Monster (Karaoke Version),https://www.youtube.com/watch?v=e5535hgdIlk,4.07
Phil Collins - In The Air Tonight (Karaoke Version),https://www.youtube.com/watch?v=BRz_UpdVaK4,6.25
Shannon Purser - Sunflower (Karaoke Version),https://www.youtube.com/watch?v=TEKmWUrcEdU,2.08
Melanie Martinez - Toxic (Karaoke Version),https://www.youtube.com/watch?v=UQMtNEu-E3M,4.1
Britney Spears - Criminal (Karaoke Version),https://www.youtube.com/watch?v=trIRQLseyF4,3.83
Dove Cameron - Genie In A Bottle (Karaoke Version),https://www.youtube.com/watch?v=ufWLRZ-r4xY,3.78
Descendants - Did I Mention (Karaoke Version),https://www.youtube.com/watch?v=0_p8p17vDJ0,3.18
The Rembrandts - I'll Be There For You (Friends Theme Song) (Karaoke Version),https://www.youtube.com/watch?v=opjN4O9zlGQ,3.67
The Cardigans - Lovefool (Karaoke Version),https://www.youtube.com/watch?v=A7gF5FAs6zQ,3.63
Taylor Swift ft. Kendrick Lamar - Bad Blood (Karaoke Version),https://www.youtube.com/watch?v=Nxu9-X0lmfE,3.77
Ed Sheeran - Tenerife Sea (Karaoke Version),https://www.youtube.com/watch?v=57DTPfV3DPI,4.3
Justin Bieber - Purpose (Karaoke Version),https://www.youtube.com/watch?v=t0-3FjSIKJY,4.08
Nicki Minaj - Grand Piano (Karaoke Version),https://www.youtube.com/watch?v=a-czxmb-rk8,4.68
Camila Cabello - Consequences (Karaoke Version),https://www.youtube.com/watch?v=mGGnD-E5Cv0,3.3
Imagine Dragons - Whatever It Takes (Karaoke Version),https://www.youtube.com/watch?v=TaTWOBxwkhA,3.53
Macklemore & Ryan Lewis and Ray Dalton - Can't Hold Us (Karaoke Version),https://www.youtube.com/watch?v=CZ5WFGTjQ8A,4.47
Perry Como - It's Beginning To Look A Lot Like Christmas (Karaoke Version),https://www.youtube.com/watch?v=rAPyxGGjNbk,3.18
Ricky Martin - Livin' La Vida Loca (Karaoke Version),https://www.youtube.com/watch?v=tOAs-c5jiuQ,4.13
Natalie Taylor - Surrender (Karaoke Version),https://www.youtube.com/watch?v=aQUITsd0NV8,3.35
Elvis Presley - If I Can Dream (Karaoke Version),https://www.youtube.com/watch?v=mngzaa-UB20,3.38
The Beatles - Help! (Karaoke Version),https://www.youtube.com/watch?v=K-vyxJj88Jc,2.57
Megan Thee Stallion - Savage (Karaoke Version),https://www.youtube.com/watch?v=vJvPK1jYgHI,2.8
Céline Dion - Ashes (Karaoke Version),https://www.youtube.com/watch?v=8D48fQ1QVps,3.52
Billie Eilish - Your Power (Karaoke Version),https://www.youtube.com/watch?v=JfsIryyTd2M,4.38
Bryson Tiller - Don't (Karaoke Version),https://www.youtube.com/watch?v=cSPGlDnzUYE,3.93
ABBA - Lay All Your Love On Me (Karaoke Version),https://www.youtube.com/watch?v=tW2cvXq4siI,4.85
"Lil Nas X, Jack Harlow - INDUSTRY BABY (Karaoke Version)",https://www.youtube.com/watch?v=qeQH9sVRQeA,3.97
Sia - The Greatest (Karaoke Version),https://www.youtube.com/watch?v=qC15Eif2ais,4.07
penelope scott - rät (Karaoke Version),https://www.youtube.com/watch?v=HymMBjo29FQ,3.67
Miley Cyrus & Billy Ray Cyrus - Butterfly Fly Away (Karaoke Version),https://www.youtube.com/watch?v=hCT4IsJ3pQI,4.98
BTS ft. Desiigner - MIC Drop (Steve Aoki Remix) (Karaoke Version),https://www.youtube.com/watch?v=4LT_132jJoY,4.2
High School Musical - Stick To The Status Quo (Karaoke Version),https://www.youtube.com/watch?v=umsh3W514-c,4.8
Ghost - Mary On A Cross (Karaoke Version),https://www.youtube.com/watch?v=GbC140tbTf8,4.3
Gabrielle Aplin - The Power Of Love (Karaoke Version),https://www.youtube.com/watch?v=xGPnOpljFHs,4.48
Ariana Grande - imagine (Karaoke Version),https://www.youtube.com/watch?v=_7BRdJUH5BQ,3.78
Jennifer Lopez - Ain't Your Mama (Karaoke Version),https://www.youtube.com/watch?v=z8JgE6FDQyg,4.17
Macklemore & Ryan Lewis and Wanz - Thrift Shop (Karaoke Version),https://www.youtube.com/watch?v=qx668eVJKeo,3.93
Cardi B - Up (Karaoke Version),https://www.youtube.com/watch?v=vs_ZvP9dBL4,3.02
Stevie Wonder - Superstition (Karaoke Version),https://www.youtube.com/watch?v=7kWhaDjtY5A,4.33
"Alessandra De Rossi, Paolo Contis - I Will Be Here (Karaoke Version)",https://www.youtube.com/watch?v=rG_K0wVvpao,4.42
Tate McRae - One Day (Karaoke Version),https://www.youtube.com/watch?v=oT1FQTSuhTM,3.75
Lana Del Rey vs Cedric Gervais - Summertime Sadness (Karaoke Version),https://www.youtube.com/watch?v=htDFR5LMfqg,3.9
Felix Jaehn ft. Jasmine Thompson - Ain't Nobody (Loves Me Better) (Karaoke Version),https://www.youtube.com/watch?v=9S-B99Dd7d4,3.68
Lady Gaga & Ariana Grande - Rain On Me (Karaoke Version),https://www.youtube.com/watch?v=xddl6B_QZ5Y,3.58
"Britney Spears - I'm Not A Girl, Not Yet A Woman (Karaoke Version)",https://www.youtube.com/watch?v=V99LdiJpzwI,4.17
Selena Gomez - Come And Get It (Karaoke Version),https://www.youtube.com/watch?v=6wv_7xyQj2c,4.2
Morgan Wallen - Cover Me Up (Karaoke Version),https://www.youtube.com/watch?v=k8-lhen5B0c,5
Wilbur Soot - Your New Boyfriend (Karaoke Version),https://www.youtube.com/watch?v=R5PK2yYwHl8,4
Billie Eilish - ilomilo (Karaoke Version),https://www.youtube.com/watch?v=CnQ1yJhRkxw,3
Queen - Another One Bites The Dust (Karaoke Version),https://www.youtube.com/watch?v=u7b3v7055gU,3.92
Sam Fischer - This City (Karaoke Version),https://www.youtube.com/watch?v=HbcTxD1PnJw,3.6
Panic! At The Disco - The Ballad Of Mona Lisa (Karaoke Version),https://www.youtube.com/watch?v=Fi-_5FyZ2ag,4.13
Lauv - Who feat. BTS (Karaoke Version),https://www.youtube.com/watch?v=8Lei6uJZydM,3.13
Drake - Passionfruit (Karaoke Version),https://www.youtube.com/watch?v=XYxt7P6Embw,4.48
Sia - Big Girls Cry (Karaoke Version),https://www.youtube.com/watch?v=AS6miOz7xO0,3.85
Fifth Harmony - BO$$ (Karaoke Version),https://www.youtube.com/watch?v=T8NQAl6fFmQ,3.18
Charli XCX - Boom Clap (From 'The Fault In Our Stars') (Karaoke Version),https://www.youtube.com/watch?v=zrcywPrIr9k,3.15
Sia - Breathe Me (Karaoke Version),https://www.youtube.com/watch?v=xDfUBoZE6pE,5.15
Billie Eilish - party favor (Karaoke Version),https://www.youtube.com/watch?v=uTkswjK1CiA,3.57
Selena Gomez - Fetish (Karaoke Version),https://www.youtube.com/watch?v=905cCBm40UM,3.45
Avicii - Wake Me Up (Karaoke Version),https://www.youtube.com/watch?v=BGfJobjH4Dc,4.23
"Luis Fonsi, Demi Lovato - Echamé La Culpa (Karaoke Version)",https://www.youtube.com/watch?v=Zg06YxALGVw,3.15
Jason Derulo - Want To Want Me (Karaoke Version),https://www.youtube.com/watch?v=USdZX_vdP4g,3.78
Michael Bublé - Haven't Met You Yet (Karaoke Version),https://www.youtube.com/watch?v=247YolCxlpI,4.62
sapientdream - Past Lives (Karaoke Version),https://www.youtube.com/watch?v=SIRHqDNpLMo,2.65
Kat Dahlia - I Think I'm In Love (Karaoke Version),https://www.youtube.com/watch?v=j52kpEn5roY,4.08
"Calvin Harris, Dua Lipa - One Kiss (Karaoke Version)",https://www.youtube.com/watch?v=jTDI5kF3Pco,3.68
Frozen 2 - The Next Right Thing (Karaoke Version),https://www.youtube.com/watch?v=Qm1sD8Y4954,3.9
Lana Del Rey - National Anthem (Karaoke Version),https://www.youtube.com/watch?v=0CjMoMG-Pwc,4.42
Nathan Sykes - Over And Over Again (Karaoke Version),https://www.youtube.com/watch?v=vnxbblBBVpk,4.58
George Ezra - Shotgun (Karaoke Version),https://www.youtube.com/watch?v=_J9po90y8es,3.48
Sabrina Carpenter - Eyes Wide Open (Karaoke Version),https://www.youtube.com/watch?v=8SBsvvQPsgg,3.47
Post Malone ft. Quavo - Congratulations (Karaoke Version),https://www.youtube.com/watch?v=NjTs_oWyJdE,4.05
Miley Cyrus - Adore You (Karaoke Version),https://www.youtube.com/watch?v=WFJQQbHKTVQ,5.2
Coldplay - A Sky Full Of Stars (Karaoke Version),https://www.youtube.com/watch?v=mHT7qO-cZbo,4.75
Melanie Martinez - Show & Tell (Karaoke Version),https://www.youtube.com/watch?v=yD-nQwYu3pA,3.87
Shawn Mendes - If I Can't Have You (Karaoke Version),https://www.youtube.com/watch?v=8LKF6FtZvXA,3.47
Descendants 3 - Do What You Gotta Do (Karaoke Version),https://www.youtube.com/watch?v=tDtdeRHCfGY,3.48
Tate McRae - That Way (Karaoke Version),https://www.youtube.com/watch?v=muwbCi5roa8,3.3
Joji - Sanctuary (Karaoke Version),https://www.youtube.com/watch?v=tJz-K5YBpSA,3.1
"J Balvin, Willy William - Mi Gente (Karaoke Version)",https://www.youtube.com/watch?v=m08bnH5G8p8,3.45
Sir Chloe - Michelle (Karaoke Version),https://www.youtube.com/watch?v=50TNx49KNwc,3.73
Halsey - Control (Karaoke Version),https://www.youtube.com/watch?v=c3LmNdgNFy8,4.2
Rosa Linn - SNAP (Karaoke Version),https://www.youtube.com/watch?v=cidANUBQ2jw,3.38
BLACKPINK - You Never Know (Karaoke Version),https://www.youtube.com/watch?v=iEtP71Np2nA,4.22
PUBLIC - Make You Mine (Karaoke Version),https://www.youtube.com/watch?v=lzJPgXEnXiQ,4.18
High School Musical - When There Was Me And You (Karaoke Version),https://www.youtube.com/watch?v=6CGF3NHPuyg,3.32
Sam Smith - How Do You Sleep? (Karaoke Version),https://www.youtube.com/watch?v=LVOPKlPgKLw,3.62
The 1975 - Somebody Else (Karaoke Version),https://www.youtube.com/watch?v=mK_1Ldh6ClA,6.3
Calvin Harris ft. Ellie Goulding - Outside (Karaoke Version),https://www.youtube.com/watch?v=fDpms3alF5o,4.1
Jason Derulo - Talk Dirty (Karaoke Version),https://www.youtube.com/watch?v=TwF4DJDKkjU,3.32
Billie Eilish - Therefore I Am (Karaoke Version),https://www.youtube.com/watch?v=palrVfIjTaw,3.25
Christmas Songs - Do You Hear What I Hear (Karaoke Version),https://www.youtube.com/watch?v=jHRS9ybQpg4,3.65
Hailee Steinfeld - Most Girls (Karaoke Version),https://www.youtube.com/watch?v=bAnMc7Tkgt4,3.87
Calvin Harris - Summer (Karaoke Version),https://www.youtube.com/watch?v=M355EDbE-oE,3.93
Melanie Martinez - Sippy Cup (Karaoke Version),https://www.youtube.com/watch?v=a0I1h4UyZOU,3.93
Camila Cabello - My Oh My ft. DaBaby (Karaoke Version),https://www.youtube.com/watch?v=Lzx957gyc8A,3.23
SZA - Good Days (Karaoke Version),https://www.youtube.com/watch?v=-RrH9ycYp14,4.88
BLACKPINK - Shut Down (Karaoke Version),https://www.youtube.com/watch?v=u0XVZwf1l9Q,3.2
DJ Snake ft. Bipolar Sunshine - Middle (Karaoke Version),https://www.youtube.com/watch?v=fuhYxD5knq0,4.2
Selena Gomez - Bad Liar (Karaoke Version),https://www.youtube.com/watch?v=fhT-bf1ws64,3.97
Grace VanderWaal - Moonlight (Karaoke Version),https://www.youtube.com/watch?v=32-e78LIl8M,3.18
Lady Gaga & BLACKPINK - Sour Candy (Karaoke Version),https://www.youtube.com/watch?v=zJKkDP9QIi0,3.08
Lia Marie Johnson - DNA (Karaoke Version),https://www.youtube.com/watch?v=Sbc74Dhw1c8,4.08
Lauv - I Like Me Better (Karaoke Version),https://www.youtube.com/watch?v=kVg3L1FvgZw,3.62
Portugal. The Man - Feel It Still (Karaoke Version),https://www.youtube.com/watch?v=ufX7yqEfv70,3.08
Cardi B - Money (Karaoke Version),https://www.youtube.com/watch?v=W32wsXy3JJQ,3.23
Shontelle - Impossible (Karaoke Version),https://www.youtube.com/watch?v=VIB8Z838AVw,4.15
Brandi Carlile - The Story (Karaoke Version),https://www.youtube.com/watch?v=5Ysa5iyrpZI,4.15
Descendants 3 - My Once Upon A Time (Karaoke Version),https://www.youtube.com/watch?v=NWYWiZLtqA0,4.22
Destiny's Child - Rudolph The Red-Nosed Reindeer (Karaoke Version),https://www.youtube.com/watch?v=HEF4KjGTHLQ,3.08
Selena Gomez - Back To You (Karaoke Version),https://www.youtube.com/watch?v=-t93cQsVifE,3.85
Lele Pons - Celoso (Karaoke Version),https://www.youtube.com/watch?v=6sm-VkbvOng,3.33
Juice WRLD - Robbery (Karaoke Version),https://www.youtube.com/watch?v=Wo9IUjs1UfY,3.88
Michael Andrews and Gary Jules - Mad World (Karaoke Version),https://www.youtube.com/watch?v=WpjyAZtKd2U,3.37
Lorde - Team (Karaoke Version),https://www.youtube.com/watch?v=cDIXDomrK08,3.68
Taylor Swift - You Need To Calm Down (Karaoke Version),https://www.youtube.com/watch?v=to-S78ftZHI,3.1
ABBA - Take A Chance On Me (Karaoke Version),https://www.youtube.com/watch?v=SgxICAYsYDs,4.48
AJR - World's Smallest Violin (Karaoke Version),https://www.youtube.com/watch?v=ClNkwd1u2eQ,3.28
Rihanna - Only Girl (In The World) (Karaoke Version),https://www.youtube.com/watch?v=ZGoB5KmzMhs,4.23
Melanie Martinez - High School Sweethearts (Karaoke Version),https://www.youtube.com/watch?v=gLsgyN5EDVQ,5.63
The Chainsmokers - Paris (Karaoke Version),https://www.youtube.com/watch?v=ERprWn2lYS8,3.9
Rihanna - S&M (Karaoke Version),https://www.youtube.com/watch?v=-yPwm5ZjmjQ,4.5
Ariana Grande  - needy (Karaoke Version),https://www.youtube.com/watch?v=ykLGJ1pUjjs,3.08
Melanie Martinez - Class Fight (Karaoke Version),https://www.youtube.com/watch?v=VgC1kpTUjkY,2.98
P!nk - Who Knew (Karaoke Version),https://www.youtube.com/watch?v=F1RcHsV_7s8,3.87
Air Supply - Having You Near Me (Karaoke Version),https://www.youtube.com/watch?v=CxXU47MCsL8,4.18
System Of A Down - Chop Suey! (Karaoke Version),https://www.youtube.com/watch?v=oHwRsI2aSDg,3.68
Taylor Dayne - Love Will Lead You Back (Karaoke Version),https://www.youtube.com/watch?v=1XvcftQeLSM,4.87
One Direction - No Control (Karaoke Version),https://www.youtube.com/watch?v=Qzq2qLUWQ9M,3.65
Julie and the Phantoms - Edge Of Great (Karaoke Version),https://www.youtube.com/watch?v=e6slqkrboa4,3.42
21 Savage - Bank Account (Karaoke Version),https://www.youtube.com/watch?v=OYyKnfX1rwk,3.77
Christina Aguilera - Genie In A Bottle (Karaoke Version),https://www.youtube.com/watch?v=Bwnm6wCyFHc,4.1
Lil Uzi Vert - XO Tour Llif3 (Karaoke Version),https://www.youtube.com/watch?v=EwBLyovTp-I,3.18
Justine Skye ft. Tyga - Collide (Karaoke Version),https://www.youtube.com/watch?v=MVD6cO1yDzM,4.42
Taylor Swift - Ours (Karaoke Version),https://www.youtube.com/watch?v=ompZ8VLgjts,4.43
Swedish House Mafia - Don't You Worry Child (Karaoke Version),https://www.youtube.com/watch?v=nprRe7SH8U0,3.7
Julie and The Phantoms - Unsaid Emily (Karaoke Version),https://www.youtube.com/watch?v=iYYOQz8wIWU,3.98
One Direction - Infinity (Karaoke Version),https://www.youtube.com/watch?v=vQaOmtjsXBc,4.55
Drake - Fake Love (Karaoke Version),https://www.youtube.com/watch?v=YWKguc63wt8,3.88
Bahari - Savage (Karaoke Version),https://www.youtube.com/watch?v=JhipPliGz-E,3.05
Kelly Clarkson - Underneath The Tree (Karaoke Version),https://www.youtube.com/watch?v=6qgtHXOJX9s,4.65
SHAED - Trampoline (Karaoke Version),https://www.youtube.com/watch?v=52S8qO8MDjQ,3.48
JVKE - this is what heartbreak feels like (Karaoke Version),https://www.youtube.com/watch?v=yJcY-KdXT54,2.7
"6ix9ine, Nicki Minaj, Murda Beatz - FEFE (Karaoke Version)",https://www.youtube.com/watch?v=zpBRGghNRBI,3.32
"benny blanco, Halsey & Khalid - Eastside (Karaoke Version)",https://www.youtube.com/watch?v=lBwXEZte1S4,3.15
YNW Melly - Suicidal (Karaoke Version),https://www.youtube.com/watch?v=H63tNSi0US4,4.1
Bread - Everything I Own (Karaoke Version),https://www.youtube.com/watch?v=aaJwugoNayU,3.43
Lauren Spencer Smith - Fingers Crossed (Karaoke Version),https://www.youtube.com/watch?v=J4w1DCeu5sM,3.25
Dua Lipa - Physical (Karaoke Version),https://www.youtube.com/watch?v=4-qga7NLOJA,3.55
Rachel Platten - Stand By You (Karaoke Version),https://www.youtube.com/watch?v=TG4Vs02sqx8,4.25
Justin Bieber - Company (Karaoke Version),https://www.youtube.com/watch?v=hYSNz4uJh9k,4.15
Phil Collins - Another Day in Paradise (Karaoke Version),https://www.youtube.com/watch?v=cnCqNp1aaSE,5.43
"Billie Eilish - WHEN WE ALL FALL ASLEEP, WHERE DO WE GO? (Full Album Karaoke)",https://www.youtube.com/watch?v=-DR5vxR78qI,43.63
Why Don't We - 8 Letters (Karaoke Version),https://www.youtube.com/watch?v=6unN3qLF098,3.55
Whitney Houston - Try It On My Own (Karaoke Version),https://www.youtube.com/watch?v=MBIHLqvrUHI,4.82
Bobby Caldwell - What You Won't Do For Love (Karaoke Version),https://www.youtube.com/watch?v=bPhlSF5P7Uc,5.02
James Arthur - Empty Space (Karaoke Version),https://www.youtube.com/watch?v=ACU42cnaRJE,3.75
Lana Del Rey - Doin' Time (Karaoke Version),https://www.youtube.com/watch?v=coeEwriNEdw,3.62
Larray - Canceled (Karaoke Version),https://www.youtube.com/watch?v=v6_ZERH_B34,2.95
Ariana Grande ft. Mac Miller - The Way (Karaoke Version),https://www.youtube.com/watch?v=RzpLllzC-l8,4.22
Nick Jonas - Chains (Karaoke Version),https://www.youtube.com/watch?v=_DomMYVDEP0,3.77
"Zedd, Maren Morris, Grey - The Middle (Karaoke Version)",https://www.youtube.com/watch?v=E60j9v-ODLQ,3.37
Sam Hunt - Body Like A Back Road (Karaoke Version),https://www.youtube.com/watch?v=7Q8cvTTsyp4,3.12
Jorja Smith - Don't Watch Me Cry (Karaoke Version),https://www.youtube.com/watch?v=CyQhPvaC-gw,3.52
Zombies 2 - We Own The Night (Karaoke Version),https://www.youtube.com/watch?v=2nG4WFnyDlE,2.82
Nicki Minaj - Chun-Li (Karaoke Version),https://www.youtube.com/watch?v=PybzNKo_T-0,3.58
Tiffany - All This Time (Karaoke Version),https://www.youtube.com/watch?v=yGpqpMvMJKM,4.47
Ariana Grande - Just A Little Bit Of Your Heart (Valentine's Day Karaoke),https://www.youtube.com/watch?v=GhkyN4wn0pQ,4.25
Harry Styles - Two Ghosts (Karaoke Version),https://www.youtube.com/watch?v=YqibcP7jvpg,4.1
Regine Velasquez - You Are My Song (Karaoke Version),https://www.youtube.com/watch?v=K_pDsSP2mIc,4.13
Indila - Tourner Dans Le Vide (Karaoke Version),https://www.youtube.com/watch?v=bQL9SvYb4rc,4.05
Skrillex and Diplo (with Justin Bieber) - Where Are U Now (Karaoke Version),https://www.youtube.com/watch?v=LTobEt2EF5s,4.4
Camila Cabello - Crying In The Club (Karaoke Version),https://www.youtube.com/watch?v=NO_mDJy0JRg,4
Zombies 2 - Flesh & Bone (Karaoke Version),https://www.youtube.com/watch?v=ZQ9FSJPeuFM,3.83
Marshmello ft. Khalid - Silence (Karaoke Version),https://www.youtube.com/watch?v=fXr8MtRBczQ,3.22
Taylor Swift - Clean (Karaoke Version),https://www.youtube.com/watch?v=_CXLHLs1NBs,4.85
Tom Jones - Green Green Grass Of Home (Karaoke Version),https://www.youtube.com/watch?v=mZg9xYtJPyI,3.47
Little Mix - Salute (Karaoke Version),https://www.youtube.com/watch?v=P2C0fZLGYSo,4.23
Chris Brown and Usher and Rick Ross - New Flame (Karaoke Version),https://www.youtube.com/watch?v=wo5pP2x5sh4,4.42
Lauren Daigle - Trust In You (Karaoke Version),https://www.youtube.com/watch?v=nB04X3YiZ58,3.67
The Pogues & Kirsty McColl - Fairytale Of New York (Karaoke Version),https://www.youtube.com/watch?v=JkGkodCBNWs,5.32
One Direction - Right Now (Karaoke Version),https://www.youtube.com/watch?v=lHoGLAd79Wo,3.43
The Addams Family Theme Song (Karaoke Version),https://www.youtube.com/watch?v=i4Rxx_W34aM,2.63
Green Day - Holiday (Karaoke Version),https://www.youtube.com/watch?v=azA7YCqiiZU,4.5
Lana Del Rey - Love (Karaoke Version),https://www.youtube.com/watch?v=K1iXqjAY2Pk,5.07
The Script - Superheroes (Karaoke Version),https://www.youtube.com/watch?v=_4KETuTveLA,4.33
Lady Gaga - Hold My Hand (Karaoke Version),https://www.youtube.com/watch?v=7lgbF0kf1cE,4.05
Noah Cyrus ft. Labrinth - Make Me (Cry) (Karaoke Version),https://www.youtube.com/watch?v=bDmb3L4sbLA,4.37
Conan Gray - Maniac (Karaoke Version),https://www.youtube.com/watch?v=obhqw5DdhXY,3.38
Lil Tecca - Ransom (Karaoke Version),https://www.youtube.com/watch?v=QzT_NI6Hzl4,2.35
Fifth Harmony - Miss Movin' On (Karaoke Version),https://www.youtube.com/watch?v=d-8UGc7I3Uo,3.65
Kina ft. Adriana Proenza - Can We Kiss Forever? (Karaoke Version),https://www.youtube.com/watch?v=KFahZd4vVtk,3.28
Ed Sheeran - SING (Karaoke Version),https://www.youtube.com/watch?v=ASCRuBkjvGY,4.23
Ron Pope - A Drop In The Ocean (Karaoke Version),https://www.youtube.com/watch?v=K54Ca4CrKzg,4.3
Billie Eilish - 8 (Karaoke Version),https://www.youtube.com/watch?v=rNokzhUPfNY,3.2
Post Malone ft. Young Thug - Goodbyes (Karaoke Version),https://www.youtube.com/watch?v=M8Bh3kacMAA,3.18
Troye Sivan - FOOLS (Karaoke Version) (Blue Neighbourhood Part 2/3),https://www.youtube.com/watch?v=6_knW5drAPw,4.18
Meghan Trainor - Title (Karaoke Version),https://www.youtube.com/watch?v=7EiHLU8v4mc,3.33
Paramore - Ignorance (Karaoke Version),https://www.youtube.com/watch?v=30jXkZxbkyI,4.23
Cher Lloyd - Want U Back (Karaoke Version),https://www.youtube.com/watch?v=QEZjzH4zEd4,3.95
Owl City - Good Time (Karaoke Version),https://www.youtube.com/watch?v=_W3uKctm9v0,3.67
Christmas Carols - Away In A Manger (Karaoke Version),https://www.youtube.com/watch?v=dq34Clq3QKY,2.32
Astrid S - Hurts So Good (Karaoke Version),https://www.youtube.com/watch?v=uLBk13Iza9o,3.8
"Lil Wayne, Wiz Khalifa & Imagine Dragons w/ Logic & Ty Dolla $ign ft X Ambassadors - Sucker For Pain",https://www.youtube.com/watch?v=vxRU-NCq9bg,4.85
Lana Del Rey - Ultraviolence (Karaoke Version),https://www.youtube.com/watch?v=xyzwVdyqonc,4.75
Taylor Swift - Begin Again (Karaoke Version),https://www.youtube.com/watch?v=EubeUnrZr_I,4.32
"JoJo - Too Little, Too Late (Karaoke Version)",https://www.youtube.com/watch?v=gymyKFgAF4E,4.5
French Montana ft. Swae Lee - Unforgettable (Karaoke Version),https://www.youtube.com/watch?v=AmPXE25NxCM,4.13
James Arthur - Falling Like The Stars (Karaoke Version),https://www.youtube.com/watch?v=187jnOhMOOU,3.73
Ed Sheeran - All Of The Stars (Karaoke Version),https://www.youtube.com/watch?v=BSuZ4ztkmPA,4.38
Zara Larsson - Ain't My Fault (Karaoke Version),https://www.youtube.com/watch?v=dZHQRpj7CQI,4.33
Flo Rida - My House (Karaoke Version),https://www.youtube.com/watch?v=Bdu9nAVsd6I,3.73
Rae Sremmurd - Black Beatles (Karaoke Version),https://www.youtube.com/watch?v=NV-USjtsMEI,5.43
Amy Winehouse - Tears Dry On Their Own (Karaoke Version),https://www.youtube.com/watch?v=Ee8cL8k-qOo,3.45
Descendants 3 - Good To Be Bad (Karaoke Version),https://www.youtube.com/watch?v=d4K4F2YDDOk,3.6
Ariana Grande ft. Future - Everyday (Karaoke Version),https://www.youtube.com/watch?v=L0zmjZStHAc,3.68
twenty one pilots - Migraine (Karaoke Version),https://www.youtube.com/watch?v=1wCF8bRsFfo,4.7
Calvin Harris ft. Rihanna - This Is What You Came For (Karaoke Version),https://www.youtube.com/watch?v=p5s2gJ0fw4w,4.03
grandson - Blood // Water (Karaoke Version),https://www.youtube.com/watch?v=Wl4lAz72RmU,4
The Chainsmokers ft. Phoebe Ryan - All We Know (Karaoke Version),https://www.youtube.com/watch?v=9QEY6h03lYU,3.67
Stephanie Mabey - The Zombie Song (Karaoke Version),https://www.youtube.com/watch?v=A7ftOYzRLcw,3.23
The Jets - Make It Real (Karaoke Version),https://www.youtube.com/watch?v=LeRcAzEwI7E,4.37
American Authors - Best Day Of My Life (Karaoke Version),https://www.youtube.com/watch?v=a6JskTwyQ3s,3.62
Allona - Someone's Always Saying Goodbye (Karaoke Version),https://www.youtube.com/watch?v=_yEjGGeNU5c,3.92
Taylor Swift - Welcome To New York (Karaoke Version),https://www.youtube.com/watch?v=-VaK3fA0MLk,3.78
Fall Out Boy - Immortals (Karaoke Version),https://www.youtube.com/watch?v=24F76gV_F8c,3.47
Alesso and Tove Lo - Heroes (Karaoke Version),https://www.youtube.com/watch?v=3X9bDL8hHR0,3.82
The Weeknd - Call Out My Name (Karaoke Version),https://www.youtube.com/watch?v=FP6LIQgdIcI,4.15
Lionel Richie - All Night Long (All Night) (Karaoke Version),https://www.youtube.com/watch?v=y1ZnaCAb-y8,4.82
Bring Me The Horizon - Drown (Karaoke Version),https://www.youtube.com/watch?v=oXQkmMzwE8M,4.02
Demi Lovato - Nightingale (Karaoke Version),https://www.youtube.com/watch?v=KrvDbVwk9Ug,3.87
Billie Eilish - come out and play (Karaoke Version),https://www.youtube.com/watch?v=Y9dOjrJrfQA,3.55
Billie Eilish - come out and play (Karaoke Version),https://www.youtube.com/watch?v=Y9dOjrJrfQA,3.55
Sabrina Carpenter - We'll Be The Stars (Karaoke Version),https://www.youtube.com/watch?v=qnJCMNQQHbY,3.62
Julie and The Phantoms - Flying Solo (Karaoke Version),https://www.youtube.com/watch?v=wVtWM9sT00k,3.45
GANGGA - Blue Jeans (Karaoke Version),https://www.youtube.com/watch?v=-sMcNhlsuoA,3.83
D.R.A.M. feat. Lil Yachty - Broccoli (Karaoke Version),https://www.youtube.com/watch?v=11TlwFxNO2M,4.32
Fifth Harmony - Sledgehammer (Karaoke Version),https://www.youtube.com/watch?v=iFPPmwJ_SAc,4.32
Taylor Swift - willow (Karaoke Version),https://www.youtube.com/watch?v=FBiPxGCeaGQ,3.95
Jon Bellion - All Time Low (Karaoke Version),https://www.youtube.com/watch?v=78HYbOcswD4,4.15
Little Mix - Little Me (Karaoke Version),https://www.youtube.com/watch?v=-3zo_TEI5qA,4.5
"Metro Boomin, The Weeknd, 21 Savage - Creepin' (Karaoke Version)",https://www.youtube.com/watch?v=kSRGor18SyQ,3.75
"High School Musical 3 - Right Here, Right Now (Karaoke Version)",https://www.youtube.com/watch?v=3y0-7ykbzKU,4.18
Katrina and The Waves - Walking On Sunshine (Karaoke Version),https://www.youtube.com/watch?v=f76Ue9ki3_U,4.42
Aviva - Princesses Don't Cry (Karaoke Version),https://www.youtube.com/watch?v=w_uIqbcTkt8,3.87
Bonnie Raitt - I Can't Make You Love Me (Karaoke Version),https://www.youtube.com/watch?v=Ft3srWYmldc,5.55
The Kid LAROI - WITHOUT YOU (Karaoke Version),https://www.youtube.com/watch?v=fN_APTSVtQQ,3.03
Taylor Swift - Cornelia Street (Karaoke Version),https://www.youtube.com/watch?v=w7oLgnTA1tU,4.98
Måneskin - ZITTI E BUONI (Karaoke Version),https://www.youtube.com/watch?v=-HsvD2g7njI,3.6
WILLOW - Wait a Minute! (Karaoke Version),https://www.youtube.com/watch?v=s4NrP1bA6WU,3.45
Anson Seabra - Welcome To Wonderland (Karaoke Version),https://www.youtube.com/watch?v=We5SKLMAYCc,3.68
Sabrina Carpenter - Smoke And Fire (Karaoke Version),https://www.youtube.com/watch?v=hfimYKn2qDQ,4.28
Fall Out Boy - My Songs Know What You Did In The Dark (Light Em Up) [Karaoke Version],https://www.youtube.com/watch?v=5Fm8Wi9sYAU,3.45
The Weeknd - Wicked Games (Karaoke Version),https://www.youtube.com/watch?v=qBmP6oM1iMg,5.78
Zedd and Hayley Williams - Stay the Night (Karaoke Version),https://www.youtube.com/watch?v=WxMEiEhUwjU,3.97
Amy Winehouse - Love Is A Losing Game (Karaoke Version),https://www.youtube.com/watch?v=r21Eseaa7Jg,2.95
The Mamas & The Papas - California Dreamin' (Karaoke Version),https://www.youtube.com/watch?v=K1n5_8d0MsU,2.85
Justin Bieber ft. Chance The Rapper - Holy (Karaoke Version),https://www.youtube.com/watch?v=gQt2AJjTXHE,3.98
Paramore - Hard Times (Karaoke Version),https://www.youtube.com/watch?v=Fpm77jl9gWE,4.4
Jess Glynne - I'll Be There (Karaoke Version),https://www.youtube.com/watch?v=IS8e94ycnC8,3.67
Florida Georgia Line - H.O.L.Y. (Karaoke Version),https://www.youtube.com/watch?v=IdPO76f4kmI,3.8
Drake ft. Rihanna - Take Care (Karaoke Version),https://www.youtube.com/watch?v=ZdJ88cvxyb0,4.88
Panic! At The Disco - Emperor's New Clothes (Karaoke Version),https://www.youtube.com/watch?v=CgRGvclVmT0,3.22
Sabrina Carpenter - Why (Karaoke Version),https://www.youtube.com/watch?v=RAf5a3V5_W8,3.2
"Jennifer Lopez, Pitbull - On The Floor (Karaoke Version)",https://www.youtube.com/watch?v=J8BW5A3s0HE,4.18
Judy Garland - Have Yourself A Merry Little Christmas (Karaoke Version),https://www.youtube.com/watch?v=nRKhtWWUZjw,3.1
Sam Smith - Pray (Karaoke Version),https://www.youtube.com/watch?v=Gn8ef47x4w0,4.08
"Rihanna, Drake - What's My Name? (Karaoke Version)",https://www.youtube.com/watch?v=OaNREHFxzTA,4.9
"Beyoncé - Spirit from Disney's ""The Lion King"" (Karaoke Version)",https://www.youtube.com/watch?v=CyTdO8B3xNc,4.73
Coyote Theory - This Side Of Paradise (Karaoke Version),https://www.youtube.com/watch?v=ppIt5aDk12w,4.33
Elvis Presley - In The Ghetto (Karaoke Version),https://www.youtube.com/watch?v=YG2ByQge56E,3.13
Harry Styles - Kiwi (Karaoke Version),https://www.youtube.com/watch?v=ubnyl4AMk2M,3.22
Becky G - Can't Stop Dancing (Karaoke Version),https://www.youtube.com/watch?v=X6RQy_6q_Wc,3.57
Emeli Sande - Next To Me (Karaoke Version),https://www.youtube.com/watch?v=TUk3c65izW8,3.67
INXS - Never Tear Us Apart (Karaoke Version),https://www.youtube.com/watch?v=-DAdiVbDMFQ,3.65
Taylor Swift - You're On Your Own Kid (Karaoke Version),https://www.youtube.com/watch?v=Ev5IpTlOC0g,3.38
Shawn Mendes - Show You (Karaoke Version),https://www.youtube.com/watch?v=1xXRWbS4QlU,3.33
twenty one pilots - Tear In My Heart (Karaoke Version),https://www.youtube.com/watch?v=F4EHViOQ8Cw,3.75
"Summer Walker, Bryson Tiller - Playing Games (Karaoke Version)",https://www.youtube.com/watch?v=iA2K4iMP4fE,2.83
Lauv - Never Not (Karaoke Version),https://www.youtube.com/watch?v=FMwiliVzutQ,3.48
Billy Joel - She's Always a Woman (Karaoke Version),https://www.youtube.com/watch?v=FN9QZmfvIHQ,3.55
Whitney Houston - How Will I Know (Karaoke Version),https://www.youtube.com/watch?v=Mq9IidEy4So,5.18
Tori Kelly - Nobody Love (Karaoke Version),https://www.youtube.com/watch?v=50LjlebTog4,3.73
Maddie & Tae - Die From A Broken Heart (Karaoke Version),https://www.youtube.com/watch?v=v-7LU8YA6BI,3.47
Taylor Swift - The Man (Karaoke Version),https://www.youtube.com/watch?v=4kkgit7dcJk,3.67
Liam Payne ft. Quavo - Strip That Down (Karaoke Version),https://www.youtube.com/watch?v=oTW_1OZmXq0,3.8
Lana Del Rey - Happiness Is A Butterfly (Karaoke Version),https://www.youtube.com/watch?v=QzWG-Vc9yo4,4.7
"ABBA - Knowing Me, Knowing You (Karaoke Version)",https://www.youtube.com/watch?v=Q8T4s1-G0rk,4.43
Fountains Of Wayne - Stacy's Mom (Karaoke Version),https://www.youtube.com/watch?v=ddi4V-MS6GA,3.88
Katy Perry - E.T (Karaoke Version),https://www.youtube.com/watch?v=Xe1GN7SFMbk,3.87
Nina Simone - I Put A Spell On You (Karaoke Version),https://www.youtube.com/watch?v=8KeLyWdfC-A,2.93
Tom Walker - Leave A Light On (Karaoke Version),https://www.youtube.com/watch?v=1Ozq7W2gy7k,3.68
London Grammar - Strong (Karaoke Version),https://www.youtube.com/watch?v=BP-LutXnC24,4.27
Corinne Bailey Rae - Like A Star (Karaoke Version),https://www.youtube.com/watch?v=UxVpPdd7TVQ,4.32
Dusty Springfield - Son Of A Preacher Man (Karaoke Version),https://www.youtube.com/watch?v=43Bl7QsebHo,2.72
Years & Years - King (Karaoke Version),https://www.youtube.com/watch?v=IofYeQY1Ixk,3.87
Shakira and Carlinhos Brown - La La La (Karaoke Version),https://www.youtube.com/watch?v=eO3m7GK9DKU,3.62
Melanie Martinez - Wheels On The Bus (Karaoke Version),https://www.youtube.com/watch?v=r5Rz2G_41ek,3.92
Surfaces - Sunday Best (Karaoke Version),https://www.youtube.com/watch?v=UktjRa86VE8,3.05
Nicki Minaj ft. Lil Wayne - High School (Karaoke Version),https://www.youtube.com/watch?v=o-ZkwckHNbY,4
Noah Cyrus ft. XXXTentacion - Again (Karaoke Version),https://www.youtube.com/watch?v=xGdjxcmlbAc,3.35
Calum Scott - No Matter What (Karaoke Version),https://www.youtube.com/watch?v=M9ZG-Ndcj3Q,4.17
Taylor Swift - Out Of The Woods (Karaoke Version),https://www.youtube.com/watch?v=GQ6URuvL8R8,4.22
The Greatest Showman - Come Alive (Karaoke Version),https://www.youtube.com/watch?v=O1CB--Snlnw,4.08
Jessie Reyez - FIGURES (Karaoke Version),https://www.youtube.com/watch?v=MmKRqsrWZ5o,4.33
BLACKPINK - Pink Venom (Karaoke Version),https://www.youtube.com/watch?v=MmkJtZ83yl4,3.32
"Kendrick Lamar, SZA - All The Stars (Karaoke Version)",https://www.youtube.com/watch?v=OYINqt1ehqM,4.12
Daddy Yankee & Snow - Con Calma (Karaoke Version),https://www.youtube.com/watch?v=WOHxOEcE_jU,3.52
Nessa Barrett - Pain (Karaoke Version),https://www.youtube.com/watch?v=LMoBpF6UlOI,3.78
Kane Brown - Heaven (Karaoke Version),https://www.youtube.com/watch?v=KRU8GuWAzkE,3.33
Morgan Wallen - Whiskey Glasses (Karaoke Version),https://www.youtube.com/watch?v=MOu_g-vHhks,4.15
Molly Kate Kestner - Prom Queen (Karaoke Version),https://www.youtube.com/watch?v=BcuDoxTkx_g,4.42
Little Mix - Move (Karaoke Version),https://www.youtube.com/watch?v=YMbxFZYOhig,4.02
5 Seconds Of Summer - Heartbreak Girl (Karaoke Version),https://www.youtube.com/watch?v=uIJUBnf3sRU,3.67
Sleeping At Last - Turning Page (Karaoke Version),https://www.youtube.com/watch?v=CxW7tbIN1UY,4.42
Dove Cameron - If Only (Piano Version),https://www.youtube.com/watch?v=-XRt9aEwAy0,2.52
Dean Lewis - How Do I Say Goodbye (Karaoke Version),https://www.youtube.com/watch?v=_jRP_Ss0Uog,2.98
Taylor Swift - Paper Rings (Karaoke Version),https://www.youtube.com/watch?v=1y5xNy3pmtk,4.88
Taylor Swift - Mine (POP Mix) (Karaoke Version),https://www.youtube.com/watch?v=-h2hna4fpbA,4.12
The Beatles - Twist And Shout (Karaoke Version),https://www.youtube.com/watch?v=GLm3ZryQxYg,2.68
Nicki Minaj ft. Skylar Grey - Bed Of Lies (Karaoke Version),https://www.youtube.com/watch?v=oH9M-ZgctGk,4.88
The Beatles - Yellow Submarine (Karaoke Version),https://www.youtube.com/watch?v=zvDMgPt5Bxo,3.33
"Ariana Grande, Social House - boyfriend (Karaoke Version)",https://www.youtube.com/watch?v=9fmy-Ud3_Tw,3.4
Toploader - Dancing In The Moonlight (Karaoke Version),https://www.youtube.com/watch?v=1HO4TlUBjG4,4.18
"Boys Like Girls, Taylor Swift - Two Is Better Than One (Karaoke Version)",https://www.youtube.com/watch?v=2h60KkVm3HA,4.48
Niall Horan - Too Much To Ask (Karaoke Version),https://www.youtube.com/watch?v=kMVE-he0wMw,4.07
Ariana Grande - Moonlight (Karaoke Version),https://www.youtube.com/watch?v=E12qDSPoQwk,3.73
Echosmith - Bright (Karaoke Version),https://www.youtube.com/watch?v=a-vN72B0784,3.88
Melanie Martinez - Milk and Cookies (Karaoke Version),https://www.youtube.com/watch?v=TKB4VcdWiQc,3.97
Ali Gatie - Moonlight (Karaoke Version),https://www.youtube.com/watch?v=BGSld7oUEWo,4.25
"CNCO, Little Mix - Reggaetón Lento (Remix) (Karaoke Version)",https://www.youtube.com/watch?v=pwAyFz9A_Kc,3.45
"Labrinth, Zendaya - All For Us (Karaoke Version)",https://www.youtube.com/watch?v=CAXwDktQCng,3.52
One Direction - Midnight Memories (Karaoke Version),https://www.youtube.com/watch?v=J-cx31kkMUA,3.32
One Direction - Fool's Gold (Karaoke Version),https://www.youtube.com/watch?v=Xj5vxhFRR2Q,3.83
Melanie Martinez - Teacher's Pet (Karaoke Version),https://www.youtube.com/watch?v=fHUcBRL1D2I,4.27
Bazzi ft. Camila Cabello - Beautiful (Karaoke Version),https://www.youtube.com/watch?v=2-qAlxGg3iQ,3.22
Michael Bublé - Holly Jolly Christmas (Karaoke Version),https://www.youtube.com/watch?v=0Lkr7R8LBmo,2.52
Grace VanderWaal - Clay (Karaoke Version),https://www.youtube.com/watch?v=wjooeVt6nBQ,3.85
Sara Bareilles - Love Song (Karaoke Version),https://www.youtube.com/watch?v=XUpl5BYB8Lg,4.08
Troy & Gabriella - What I've Been Looking For (Karaoke Version),https://www.youtube.com/watch?v=VGNUm-ttsNE,1.63
Fetty Wap ft. Monty - My Way (Karaoke Version),https://www.youtube.com/watch?v=_2DQti03fQ0,3.9
Lewis Capaldi - Forever (Karaoke Version),https://www.youtube.com/watch?v=0J5cvU7g85k,3.93
Demi Lovato - Neon Lights (Karaoke Version),https://www.youtube.com/watch?v=5p63JJ7uH6k,4.3
The Nightmare Before Christmas - This Is Halloween (Karaoke Version),https://www.youtube.com/watch?v=jAXwHoRExSM,3.53
Taylor Swift - Daylight (Karaoke Version),https://www.youtube.com/watch?v=02Hct4xaNfA,5.08
Ray Parker Jr. - Ghostbusters (Karaoke Version),https://www.youtube.com/watch?v=c5BjapvUndQ,4.33
Ariana Grande - Be Alright (Karaoke Version),https://www.youtube.com/watch?v=tdvAUAHlE-4,3.52
Tove Lo - Talking Body (Karaoke Version),https://www.youtube.com/watch?v=zQbJoIuPUHE,4.27
Kygo ft. Parson James - Stole The Show (Karaoke Version),https://www.youtube.com/watch?v=tZKBzoBcytQ,4.22
The Ronettes - Sleigh Ride (Karaoke Version),https://www.youtube.com/watch?v=zwBag5vE6XY,3.18
Lizzo - About Damn Time (Karaoke Version),https://www.youtube.com/watch?v=FcClAz9eT0s,3.48
BTS - Stay Gold (Karaoke Version),https://www.youtube.com/watch?v=djEvsJGVkI8,4.47
"THE ANXIETY, Tyler Cole, WILLOW - Meet Me At Our Spot (Karaoke Version)",https://www.youtube.com/watch?v=ehwnuae2QHw,2.93
Eric Carmen - Hungry Eyes (Karaoke Version),https://www.youtube.com/watch?v=-izZYpzLTzI,4.67
Ed Sheeran - Afterglow (Karaoke Version),https://www.youtube.com/watch?v=96qEU_2qfkE,3.52
Cher - If I Could Turn Back Time (Karaoke Version),https://www.youtube.com/watch?v=yBwqQxVXt1o,4.22
Post Malone - Better Now (Karaoke Version),https://www.youtube.com/watch?v=DtTFu9qgX38,3.72
Ed Sheeran - I'm A Mess (Karaoke Version),https://www.youtube.com/watch?v=g_SdqrUolO4,4.52
Miley Cyrus - Midnight Sky (Karaoke Version),https://www.youtube.com/watch?v=UPgvgTgrVvk,4.08
LeAnn Rimes - Can't Fight The Moonlight (Karaoke Version),https://www.youtube.com/watch?v=FTlUW-dhv48,3.92
Jordin Sparks ft Chris Brown - No Air (Karaoke Version),https://www.youtube.com/watch?v=0y0zKN06RNg,4.67
Em Beihold - Numb Little Bug (Karaoke Version),https://www.youtube.com/watch?v=n8PEHTYHrCI,3.1
Dan + Shay - Speechless (Karaoke Version),https://www.youtube.com/watch?v=QvEhGdkGehE,3.9
Melanie Martinez - Training Wheels (Karaoke Version),https://www.youtube.com/watch?v=3rIbAe4daG0,4.05
Aminé - Caroline (Karaoke Version),https://www.youtube.com/watch?v=aLA0hnx2UU8,3.68
One Direction - Where Do Broken Hearts Go (Karaoke Version),https://www.youtube.com/watch?v=i8_pkJv6pzs,4.12
Khalid - Talk (Karaoke Version),https://www.youtube.com/watch?v=lE7thk4N1HM,3.4
Melanie Martinez - Nurse's Office (Karaoke Version),https://www.youtube.com/watch?v=GsqtDObdxAU,3.28
CaptainSparklez - Revenge (Minecraft Parody) (Karaoke Version),https://www.youtube.com/watch?v=PvkXaU9SuNs,4.02
Bebe Rexha - I Got You (Karaoke Version),https://www.youtube.com/watch?v=T_gk8kaI45s,3.87
Martin Garrix & David Guetta - So Far Away (ft. Jamie Scott & Romy Dya) (Karaoke Version),https://www.youtube.com/watch?v=Kd1oCn0MPLY,3.42
Bad Wolves - Zombie (Karaoke Version),https://www.youtube.com/watch?v=1rLOrijkrNs,4.7
Panic! At The Disco - This Is Gospel (Karaoke Version),https://www.youtube.com/watch?v=g5Ny-QaoZ_A,3.77
Kelly Clarkson - Heartbeat Song (Karaoke Version),https://www.youtube.com/watch?v=yLtefnGc2Pc,3.75
Ronan Keating - If Tomorrow Never Comes (Karaoke Version),https://www.youtube.com/watch?v=thLuW_0snZ0,3.88
G.R.L. - Ugly Heart (Karaoke Version),https://www.youtube.com/watch?v=jlui69ARZEE,3.6
HELLO CHRISTMAS -  Christmas Without You (Official Music Video),https://www.youtube.com/watch?v=6cGnHyOxPzg,4.75
Ben&Ben - The Ones We Once Loved (Karaoke Version),https://www.youtube.com/watch?v=EDAREI4lz4s,4.65
Omarion ft. Chris Brown & Jhene Aiko - Post To Be (Karaoke Version),https://www.youtube.com/watch?v=beQuJaiWd78,4.15
Mother Mother - Burning Pile (Karaoke Version),https://www.youtube.com/watch?v=UDVnbZeah7s,4.47
Beyoncé - Sorry (Karaoke Version),https://www.youtube.com/watch?v=3tANSV2LglQ,4.48
Taylor Swift - Call It What You Want (Karaoke Version),https://www.youtube.com/watch?v=NH_fxTyZT_Y,3.62
Ariana Grande ft. Big Sean - Right There (Karaoke Version),https://www.youtube.com/watch?v=Im0f_dRnYVU,4.42
blackbear - do re mi (Karaoke Version),https://www.youtube.com/watch?v=-gs_SZM2lRk,3.65
Lorde - Green Light (Karaoke Version),https://www.youtube.com/watch?v=tR_cx_9N4CI,4.35
Frankie Goes To Hollywood - The Power Of Love (Karaoke Version),https://www.youtube.com/watch?v=UA_JT3dg6zY,5.68
"KAROL G, Shakira - TQG (Karaoke Version)",https://www.youtube.com/watch?v=oS5uiRwQL64,3.35
Little Mix - No More Sad Songs (Karaoke Version),https://www.youtube.com/watch?v=GL7FQZcQtjc,3.8
The Vamps - Can We Dance (Karaoke Version),https://www.youtube.com/watch?v=GB2q8fg-ZtI,3.97
"Drake and Majid Jordan - Hold On, We're Going Home (Karaoke Version)",https://www.youtube.com/watch?v=mdizaRgRTXQ,3.85
Frozen 2 - When I Am Older (Karaoke Version),https://www.youtube.com/watch?v=-yukAvBxOrQ,2.25
Kelsea Ballerini - Peter Pan (Karaoke Version),https://www.youtube.com/watch?v=CmmX9QOCyRg,3.82
David Archuleta - Crush (Karaoke Version),https://www.youtube.com/watch?v=HXlop0dffyM,3.83
One Direction - Love You Goodbye (Karaoke Version),https://www.youtube.com/watch?v=G-5BbdBqT8I,3.9
Coldplay - Adventure Of A Lifetime (Karaoke Version),https://www.youtube.com/watch?v=svN1O_9vYVs,5
"Olivia Rodrigo, Julia Lester - Wondering (Ashlyn & Nini Piano Version | HSMTMTS) (Karaoke Version)",https://www.youtube.com/watch?v=dVsuQFaTPl8,2.95
ZAYN - iT's YoU (Karaoke Version),https://www.youtube.com/watch?v=ImAt_CFLcgc,4.47
"Andy Grammer - Honey, I'm Good (Karaoke Version)",https://www.youtube.com/watch?v=nevamPafdFA,3.77
Sabrina Carpenter ft. Sofia Carson - Wildside (Karaoke Version),https://www.youtube.com/watch?v=yAoJEd0uZUc,3.68
Little Mix - Change Your Life (Karaoke Version),https://www.youtube.com/watch?v=zepWe58eKVE,3.72
Jesse McCartney - Beautiful Soul (Karaoke Version),https://www.youtube.com/watch?v=tfy2VidpjYU,3.75
5 Seconds Of Summer - Voodoo Doll (Karaoke Version),https://www.youtube.com/watch?v=fOMmJWmKkBk,3.65
Sofia Carson - Rotten To The Core (Karaoke Version),https://www.youtube.com/watch?v=WIwsFQxvwOY,3.62
OneRepublic - Secrets (Karaoke Version),https://www.youtube.com/watch?v=i20isdqjJMY,4.18
NF - The Search (Karaoke Version),https://www.youtube.com/watch?v=sl0wAxXJChs,3.53
Ant Saunders - Yellow Hearts (Karaoke Version),https://www.youtube.com/watch?v=IuvTnwVhBlg,4.1
Camila Cabello - I Have Questions (Karaoke Version),https://www.youtube.com/watch?v=HivnrVR-tbA,4.02
The Weeknd - In Your Eyes (Karaoke Version),https://www.youtube.com/watch?v=FrnMqc4pqQo,4.12
Justin Bieber - Life Is Worth Living (Karaoke Version),https://www.youtube.com/watch?v=DQzdMorZe04,4.52
Demi Lovato - You Don't Do It For Me Anymore (Karaoke Version),https://www.youtube.com/watch?v=FirUcc4mN9M,3.52
Taylor Swift - Wonderland (Karaoke Version),https://www.youtube.com/watch?v=AvSdV7nh4J4,4.42
Lilly Wood and Robin Schulz - Prayer In C (Karaoke Version),https://www.youtube.com/watch?v=K-riKCPdhVc,3.52
Ellie Goulding - On My Mind (Karaoke Version),https://www.youtube.com/watch?v=KlrXzBroM3s,4.02
Tori Kelly - Should've Been Us (Karaoke Version),https://www.youtube.com/watch?v=ORtbESA3GqQ,3.6
One Direction - Stockholm Syndrome (Karaoke Version),https://www.youtube.com/watch?v=LcBlxXqFUJk,4.05
Marina And The Diamonds - How To Be A Heartbreaker (Karaoke Version),https://www.youtube.com/watch?v=6SyizvBTUvs,4.03
BENEE - Supalonely ft. Gus Dapperton (Karaoke Version),https://www.youtube.com/watch?v=qRUVtrhhhQE,4.02
Lukas Graham - Mama Said (Karaoke Version),https://www.youtube.com/watch?v=pUso35emJpU,3.97
One Direction - Through The Dark (Karaoke Version),https://www.youtube.com/watch?v=MMIb5xQHO8s,4
Evanescence - Going Under (Karaoke Version),https://www.youtube.com/watch?v=hmgPwlcQHHg,4.07
Taylor Swift - Delicate (Karaoke Version),https://www.youtube.com/watch?v=MGf7KlgMTkE,4.07
Billy Joel - Uptown Girl (Karaoke Version),https://www.youtube.com/watch?v=xrYUNv_qRVg,3.38
One Direction - They Don't Know About Us (Karaoke Version),https://www.youtube.com/watch?v=JWnw-YyIcSY,3.58
Little Mix ft. Charlie Puth - Oops (Karaoke Version),https://www.youtube.com/watch?v=HHa6BtZow0E,3.77
Justin Bieber - Anyone (Karaoke Version),https://www.youtube.com/watch?v=--IfjfyJiWM,3.52
Billy Ocean - Suddenly (Karaoke Version),https://www.youtube.com/watch?v=8ztf8RW-LGY,4.2
Panic! At The Disco - Victorious (Karaoke Version),https://www.youtube.com/watch?v=032UtZ26LPs,3.67
Dionne Warwick - I'll Never Love This Way Again (Karaoke Version),https://www.youtube.com/watch?v=UYrREAAiH7A,3.88
Why Don't We - Hooked (Karaoke Version),https://www.youtube.com/watch?v=BHGqphQnFL8,3.82
Mr. Probz and Robin Schulz - Waves (Karaoke Version),https://www.youtube.com/watch?v=bTRwtUrggKs,4.13
Måneskin - THE LONELIEST (Karaoke Version),https://www.youtube.com/watch?v=MguYlusfy4M,4.32
twenty one pilots - Chlorine (Karaoke Version),https://www.youtube.com/watch?v=wvwCi09Q4kk,5.27
Taylor Swift - New Romantics (Karaoke Version),https://www.youtube.com/watch?v=GUC5suaH3Gk,4.2
Julie and The Phantoms - Stand Tall (Karaoke Version),https://www.youtube.com/watch?v=OrPt4S3nSQY,3.87
Dove Cameron - Boyfriend (Karaoke Version),https://www.youtube.com/watch?v=FJ3panlVZlI,2.92
Ed Sheeran feat. Khalid - Beautiful People (Karaoke Version),https://www.youtube.com/watch?v=dDHBbzdes8k,3.53
Ava Max - Salt (Karaoke Version),https://www.youtube.com/watch?v=ToCA0Blmd2U,3.45
The Lumineers - Ho Hey (Karaoke Version),https://www.youtube.com/watch?v=myisMOpHKso,2.92
Lana Del Rey - Norman f*cking Rockwell (Karaoke Version),https://www.youtube.com/watch?v=hq8nGEgAx04,4.27
Shawn Mendes - Mercy (Acoustic) (Karaoke Version),https://www.youtube.com/watch?v=2n8UwVOeCrg,3.93
T-Wayne - Nasty Freestyle (Karaoke Version),https://www.youtube.com/watch?v=ZWYBkg2vOwM,2.73
CHROMANCE - Wrap Me In Plastic (Karaoke Version),https://www.youtube.com/watch?v=Pt9FG_IpbZg,3.77
Camila Cabello - Liar (Karaoke Version),https://www.youtube.com/watch?v=6WJ_GheHMZc,3.82
Ed Sheeran - One (Karaoke Version),https://www.youtube.com/watch?v=PNkvcuj7m2E,4.77
Jason Derulo - Trumpets (Karaoke Version),https://www.youtube.com/watch?v=OQVBlJEW2lU,3.82
Olivia O'Brien - hate u love u (Karaoke Version),https://www.youtube.com/watch?v=5J60o-5pWkQ,3.37
NLE Choppa ft. Blueface - Shotta Flow (Remix) (Karaoke Version),https://www.youtube.com/watch?v=hbFLCA3K-tc,3.13
Julie and The Phantoms - Bright (Karaoke Version),https://www.youtube.com/watch?v=n-AjHqEnNYo,3.5
Rihanna - Hate That I Love You ft. Ne-Yo (Karaoke Version),https://www.youtube.com/watch?v=6UYBrCmALcs,4.1
Jordan Suaste - Body (Karaoke Version),https://www.youtube.com/watch?v=LDf-njt77AY,3.83
Anna Clendening - To My Parents (Karaoke Version),https://www.youtube.com/watch?v=Cr08cm7sHyM,4.47
Katy Perry ft. Migos - Bon Appétit (Karaoke Version),https://www.youtube.com/watch?v=psQg1L3scRM,4.12
The Weeknd - Reminder (Karaoke Version),https://www.youtube.com/watch?v=IRRgg8ItrfI,4.27
Claire Rosinkranz - Backyard Boy (Karaoke Version),https://www.youtube.com/watch?v=_owvkxtn6tU,2.32
Andy Grammer - Fresh Eyes (Karaoke Version),https://www.youtube.com/watch?v=gGOiwfXuw2M,3.98
Chris Brown ft. Drake - No Guidance (Karaoke Version),https://www.youtube.com/watch?v=NAH3IYHp770,4.33
anees - sun and moon (Karaoke Version),https://www.youtube.com/watch?v=CuE_SEJpRNg,2.88
Disney Descendants - Set It Off (Karaoke Version),https://www.youtube.com/watch?v=Ct9fhfcg5UA,3.47
Lana Del Rey - High By The Beach (Karaoke Version),https://www.youtube.com/watch?v=rx3YgEf4mIQ,4.77
Hailee Steinfeld - Love Myself (Karaoke Version),https://www.youtube.com/watch?v=-9U2X886A0E,4.05
Pink - Raise Your Glass (Karaoke Version),https://www.youtube.com/watch?v=Noenqxgd7T0,3.73
Ashnikko - Daisy (Karaoke Version),https://www.youtube.com/watch?v=4LbjyKPslWU,2.73
Macklemore & Ryan Lewis - Downtown (Karaoke Version),https://www.youtube.com/watch?v=V8TGcqNkNOY,5.48
Melanie Martinez - The Principal (Karaoke Version),https://www.youtube.com/watch?v=OLqVb3QO_ck,3.33
Little Mix ft. Nicki Minaj - Woman Like Me (Karaoke Version),https://www.youtube.com/watch?v=axfrEvfXrFI,4.2
Zendaya - Replay (Karaoke Version),https://www.youtube.com/watch?v=XZzfLl7M1oE,3.82
Zombies 2 - Call To The Wild (Karaoke Version),https://www.youtube.com/watch?v=u1CvO6dL0BU,2.93
Sabrina Carpenter - Too Young (Karaoke Version),https://www.youtube.com/watch?v=jFS32d6mcvw,4.68
Descendants 3 - Break This Down (Karaoke Version),https://www.youtube.com/watch?v=nqIRN0j-iuI,3.78
5 Seconds Of Summer - Beside You (Karaoke Version),https://www.youtube.com/watch?v=O0Jq_xygFS0,3.98
Gabby Barrett - I Hope (Karaoke Version),https://www.youtube.com/watch?v=fhqnRiuuP5E,3.72
"Olivia Rodrigo, Joshua Bassett - Even When/The Best Part (Karaoke Version)",https://www.youtube.com/watch?v=ibgU0umViYs,2.13
Zendaya - Neverland (Karaoke Version),https://www.youtube.com/watch?v=YkcrN24JyKk,4.25
Christina Perri - A Thousand Years (Piano Version),https://www.youtube.com/watch?v=QMQl1LyzcAE,4.83
George Michael - I Can't Make You Love Me (Karaoke Version),https://www.youtube.com/watch?v=F3mc9sDZTO8,5.7
Tori Kelly - Hollow (Karaoke Version),https://www.youtube.com/watch?v=GzG3Np1DdSY,3.88
Lizzo - Juice (Karaoke Version),https://www.youtube.com/watch?v=VmRvV3GIluU,3.65
Ellie Goulding - Lights (Karaoke Version),https://www.youtube.com/watch?v=FEmEJ-N4QV4,3.92
Taylor Swift - Love Story (Piano Version),https://www.youtube.com/watch?v=jQe37boEHkQ,4.83
Christina Perri - Arms (Karaoke Version),https://www.youtube.com/watch?v=8oKjlIz-oFA,4.73
OneRepublic - Love Runs Out (Karaoke Version),https://www.youtube.com/watch?v=Oo1qfMufvx4,4.07
IU ft. SUGA - eight (Karaoke Version),https://www.youtube.com/watch?v=sJ07Alrg_M0,3.23
Hailee Steinfeld & Alesso (ft. Florida Georgia Line & watt) - Let Me Go (Karaoke Version),https://www.youtube.com/watch?v=kSN0AiZiveM,3.33
"Justin Bieber, BloodPop® - Friends (Karaoke Version)",https://www.youtube.com/watch?v=7_2bv5eN1oA,3.53
"KAROL G, Nicki Minaj - Tusa (Karaoke Version)",https://www.youtube.com/watch?v=--mHajGPFCY,3.62
Wham! - Wake Me Up Before You Go-Go (Karaoke Version),https://www.youtube.com/watch?v=rGyX_pchRuA,4.38
Little Mix - F.U. (Karaoke Version),https://www.youtube.com/watch?v=PpcOtzW0s40,4.4
Nick Jonas ft. Tove Lo - Close (Karaoke Version),https://www.youtube.com/watch?v=tCmltWCah6s,4.45
Eva Cassidy - Fields Of Gold (Karaoke Version),https://www.youtube.com/watch?v=mgObZN7fZPU,5.17
Imagine Dragons - On Top Of The World (Karaoke Version),https://www.youtube.com/watch?v=Rvo_tZPcC1A,3.53
Imagine Dragons ft. Elisa -  Birds (Karaoke Version),https://www.youtube.com/watch?v=Mjc9QjIrlb4,3.8
Post Malone - I Fall Apart (Karaoke Version),https://www.youtube.com/watch?v=eilM4YHBrS0,4.13
Kent Jones - Don't Mind (Karaoke Version),https://www.youtube.com/watch?v=rfCgDUZCzHo,3.83
Lil Peep & XXXTENTACION - Falling Down (Karaoke Version),https://www.youtube.com/watch?v=XGO_qLrJbwc,3.55
Katy Perry - Birthday (Karaoke Version),https://www.youtube.com/watch?v=IzyvJ6XwPN0,3.97
Marvin Gaye - Sexual Healing (Karaoke Version),https://www.youtube.com/watch?v=BAxsoTBR2HA,4.73
BANNERS - Someone To You (Karaoke Version),https://www.youtube.com/watch?v=M2xFPhFTu6I,4
Taylor Swift - I Know Places (Karaoke Version),https://www.youtube.com/watch?v=1CR59qSi7Ic,3.52
Little Mix - DNA (Karaoke Version),https://www.youtube.com/watch?v=MpS5i1pCwZE,4.53
*NSYNC - It's Gonna Be Me (Karaoke Version),https://www.youtube.com/watch?v=-HgYAkSRt6c,3.55
Five Nights At Freddy's 3 Song - Die In A Fire - The Living Tombstone (Karaoke Version),https://www.youtube.com/watch?v=wYRncDCwCoE,3.62
Alec Benjamin - Water Fountain (Karaoke Version),https://www.youtube.com/watch?v=uUqZyQ9JQNY,3.78
Taylor Swift - London Boy (Karaoke Version),https://www.youtube.com/watch?v=buJNHDfiS9U,3.52
Ellise  - 911 (Karaoke Version),https://www.youtube.com/watch?v=3ZffbUtgzjc,3.38
Khalid - Better (Karaoke Version),https://www.youtube.com/watch?v=S5PtzYrNGaU,4.1
Céline Dion - The Power of Love (Karaoke Version),https://www.youtube.com/watch?v=t6Ydvm0g_4w,4.97
Ed Sheeran - Save Myself (Karaoke Version),https://www.youtube.com/watch?v=sp824istfKk,4.45
4*TOWN - Nobody Like U (From Turning Red) (Karaoke Version),https://www.youtube.com/watch?v=sCJIckJN5Zs,3
NF - Lie (Karaoke Version),https://www.youtube.com/watch?v=AcqnT-ci4io,3.75
Calvin Harris and John Newman - Blame (Karaoke Version),https://www.youtube.com/watch?v=SI2E05Dad9M,3.75
Kygo - Firestone (Karaoke Version),https://www.youtube.com/watch?v=xdX_Bcu-RZ4,5.08
Usher - Climax (Karaoke Version),https://www.youtube.com/watch?v=zzpeqH9wzeo,4.18
"Nicky Youre, dazy - Sunroof (Karaoke Version)",https://www.youtube.com/watch?v=Xr4bbASQs4I,3.07
Zara Larsson - She's Not Me (Pt. 1 and 2) (Karaoke Version),https://www.youtube.com/watch?v=ypOsRYE66FM,5.62
Ariana Grande ft. Lil Wayne - Let Me Love You (Karaoke Version),https://www.youtube.com/watch?v=QDgmAFpOUIg,4.28
Maroon 5 ft. SZA - What Lovers Do (Karaoke Version),https://www.youtube.com/watch?v=fX4blT-SnLw,3.52
JoJo - Leave (Get Out) (Karaoke Version),https://www.youtube.com/watch?v=Vs20pLrCJXA,4.7
Cheat Codes ft. Demi Lovato - No Promises (Karaoke Version),https://www.youtube.com/watch?v=88DkSggcq8s,4.15
Billie Eilish - when the party's over (Piano Karaoke),https://www.youtube.com/watch?v=UK1jmU_JBXs,3.45
Fleetwood Mac - Everywhere (Karaoke Version),https://www.youtube.com/watch?v=A0lUjkzeq5o,4.38
Luke Combs - When It Rains It Pours (Karaoke Version),https://www.youtube.com/watch?v=Wz3UbGHDtuU,4.52
Anders Lystell - Faster Car (Karaoke Version),https://www.youtube.com/watch?v=wPPLQpRu7nA,4.33
Ariana Grande - ghostin (Karaoke Version),https://www.youtube.com/watch?v=9QvqYILRi_w,4.67
Halsey - Castle (Karaoke Version),https://www.youtube.com/watch?v=z1hGda8mftU,5.17
Aurora - Half The World Away (Karaoke Version),https://www.youtube.com/watch?v=yCRPlMr9v2c,3.87
Taylor Swift - Miss Americana & The Heartbreak Prince (Karaoke Version),https://www.youtube.com/watch?v=ZVvK0m0aHec,4.15
"Lauv, LANY - Mean It (Karaoke Version)",https://www.youtube.com/watch?v=P5C6bLyzN3s,4.25
Rihanna - Disturbia (Karaoke Version),https://www.youtube.com/watch?v=vDfV_n-HiNA,4.15
The Vamps - Wild Heart (Karaoke Version),https://www.youtube.com/watch?v=3Jyg6SD-UVo,3.5
Pitbull and John Ryan - Fireball (Karaoke Version),https://www.youtube.com/watch?v=sd3UJLIxyas,4.27
StaySolidRocky - Party Girl (Karaoke Version),https://www.youtube.com/watch?v=UYfzTy3ELAQ,2.83
Steve Aoki feat. BTS - Waste It On Me (Karaoke Version),https://www.youtube.com/watch?v=2PMLfo08UH4,3.48
Eva Cassidy - Over The Rainbow (Karaoke Version),https://www.youtube.com/watch?v=IzDq4hWPpBU,5.33
Maroon 5 ft. Future - Cold (Karaoke Version),https://www.youtube.com/watch?v=woe2zIokb9Q,4.48
Ellie Goulding ft. Juice WRLD  - Hate Me (Karaoke Version),https://www.youtube.com/watch?v=XbammamEoZM,3.57
Juris - Your Love (Karaoke Version),https://www.youtube.com/watch?v=G6aa9W_zWkM,4.32
"Jeremy Zucker, Chelsea Cutler - you were good to me (Karaoke Version)",https://www.youtube.com/watch?v=-JH_xJffSBU,3.92
Harry Styles - Lights Up (Karaoke Version),https://www.youtube.com/watch?v=Oo0PGau7Utk,3.22
Joel Adams - Please Don't Go (Karaoke Version),https://www.youtube.com/watch?v=VBo85-_9rL0,3.88
Meghan Trainor - I'll Be Home (Karaoke Version),https://www.youtube.com/watch?v=yQAuGCd1PmU,4.33
Sam Smith - One Last Song (Karaoke Version),https://www.youtube.com/watch?v=Pfxq1_j23gI,3.6
Tina Turner - What's Love Got to Do with It (Karaoke Version),https://www.youtube.com/watch?v=R23iFLtZzmY,3.98
Staind - It's Been Awhile (Karaoke Version),https://www.youtube.com/watch?v=fMMCdBJS_Bs,4.83
Matthew Wilder - Break My Stride (Karaoke Version),https://www.youtube.com/watch?v=t6biBJh2AAs,3.35
Bill Withers - Lovely Day (Karaoke Version),https://www.youtube.com/watch?v=9kkTrNh1N2A,4.52
David Guetta ft. Usher  - Without You (Karaoke Version),https://www.youtube.com/watch?v=b5MY6rVwqeo,3.88
Alessia Cara - Out Of Love (Karaoke Version),https://www.youtube.com/watch?v=orCaFpnXIVk,4.07
Alessia Cara - Wild Things (Karaoke Version),https://www.youtube.com/watch?v=W-TlyOS38gs,3.67
Mabel - Don't Call Me Up (Karaoke Version),https://www.youtube.com/watch?v=hO9feFj3F8M,3.27
Ruel - Painkiller (Karaoke Version),https://www.youtube.com/watch?v=GjHYNA1-W3A,3.85
Charlie Puth ft. Kehlani - Done For Me (Karaoke Version),https://www.youtube.com/watch?v=I6DTvp194lg,3.27
Ariana Grande - Greedy (Karaoke Version),https://www.youtube.com/watch?v=K7lc7NrJ-3g,4.18
Ariana Grande  - bloodline (Karaoke Version),https://www.youtube.com/watch?v=BFsCLt47RSc,3.77
Post Malone - White Iverson (Karaoke Version),https://www.youtube.com/watch?v=bacP3MBLgBw,4.78
The Pussycat Dolls - Hush Hush; Hush Hush (Karaoke Version),https://www.youtube.com/watch?v=0Sp1FNLtODA,4.43
Rae Sremmurd - Swang (Karaoke Version),https://www.youtube.com/watch?v=84nTyGKQnbg,3.85
Céline Dion - My Heart Will Go On (Piano Karaoke),https://www.youtube.com/watch?v=J10X301khwY,4.72
Robyn - Dancing On My Own (Karaoke Version),https://www.youtube.com/watch?v=Ch_xInCwiF4,5.28
Ella Henderson - Missed (Karaoke Version),https://www.youtube.com/watch?v=R7doV2gITnk,3.6
Katy Perry - This Is How We Do (Karaoke Version),https://www.youtube.com/watch?v=vLMMYprCNVk,3.7
TLC - Waterfalls (Karaoke Version),https://www.youtube.com/watch?v=MBfYXMw-NvI,4.88
DripReport - Skechers (Karaoke Version),https://www.youtube.com/watch?v=AQG3h3uYw0k,2.03
Melanie Martinez - Lunchbox Friends (Karaoke Version),https://www.youtube.com/watch?v=zilK3bl96W4,3.17
Mother Mother - Hayloft (Karaoke Version),https://www.youtube.com/watch?v=R4JPJWkZtZk,3.47
James Blunt - Bonfire Heart (Karaoke Version),https://www.youtube.com/watch?v=JsPFdlBTSx0,4.23
Shawn Mendes - Aftertaste (Karaoke Version),https://www.youtube.com/watch?v=RCEThvfFhOE,3.43
Sabrina Carpenter - On Purpose (Karaoke Version),https://www.youtube.com/watch?v=BXJ_0Jrr74Y,4.55
Halsey - Ghost (Karaoke Version),https://www.youtube.com/watch?v=nHGyE7LaRbw,2.88
Camila Cabello - First Man (Karaoke Version),https://www.youtube.com/watch?v=rq98wWr9pFM,4.15
Drake - Started From The Bottom (Karaoke Version),https://www.youtube.com/watch?v=tS91oZiNaN8,3.07
Noah Cyrus - Lonely (Karaoke Version),https://www.youtube.com/watch?v=ETsFmFZz208,2.77
"Lady Gaga, Bradley Cooper - Shallow (Piano Version)",https://www.youtube.com/watch?v=PD5sXfNFwhw,4.03
Christina Aguilera - Reflection (2020) (Karaoke Version),https://www.youtube.com/watch?v=7SYpPYkLY9Y,3.93
The Weeknd - Often (Karaoke Version),https://www.youtube.com/watch?v=2P7wedbhYAU,4.65
Duffy - Mercy (Karaoke Version),https://www.youtube.com/watch?v=BcMHbrOuj5A,4.07
Taylor Swift - Death By A Thousand Cuts (Karaoke Version),https://www.youtube.com/watch?v=Cf1_XzLVKPU,3.83
Meghan Trainor - Made You Look (Karaoke Version),https://www.youtube.com/watch?v=x5tRozfF_b8,2.53
Rod Wave - Heart On Ice (Karaoke Version),https://www.youtube.com/watch?v=iXvN-PcbWwA,2.82
George Ezra - Blame It On Me (Karaoke Version),https://www.youtube.com/watch?v=YsDNmRF-E1c,3.55
Jung Kook - 'Dreamers' FIFA World Cup 2022 (Karaoke Version),https://www.youtube.com/watch?v=Z9cv6yaL1E8,3.5
The Offspring - Pretty Fly (For A White Guy) (Karaoke Version),https://www.youtube.com/watch?v=AqR295kgmDU,3.7
Fleur East - Sax (Karaoke Version),https://www.youtube.com/watch?v=qQ1fO2NwLt8,4.55
Shawn Mendes - Wonder (Karaoke Version),https://www.youtube.com/watch?v=q4g84iGxaNM,3.3
Ingrid Andress - More Hearts Than Mine (Karaoke Version),https://www.youtube.com/watch?v=aiol2tb4uAc,3.83
Bebe Rexha - Knees (Karaoke Version),https://www.youtube.com/watch?v=Lq0eJeDkzgg,3.82
"Ariana Grande, Miley Cyrus, Lana Del Rey - Don't Call Me Angel (Karaoke Version)",https://www.youtube.com/watch?v=7HW2-XSeoVg,3.52
One Direction - Ready To Run (Karaoke Version),https://www.youtube.com/watch?v=fwgqfgxQoY0,3.55
Fall Out Boy - Thnks fr the Mmrs (Karaoke Version),https://www.youtube.com/watch?v=x52q2H9LTT8,3.65
blackbear - hot girl bummer (Karaoke Version),https://www.youtube.com/watch?v=X99Eh9K-8II,3.52
Ella Mai - Shot Clock (Karaoke Version),https://www.youtube.com/watch?v=LK2QEkvTRBg,3.38
Becky G - Lovin' So Hard (Karaoke Version),https://www.youtube.com/watch?v=8ogSqVTkDZ8,4.07
Chris Rea - Driving Home For Christmas (Karaoke Version),https://www.youtube.com/watch?v=Y3-YxV_7SeY,4.42
Sam Smith - To Die For (Karaoke Version),https://www.youtube.com/watch?v=6xro-Lm4sn8,3.53
"Becky G, KAROL G - MAMIII (Karaoke Version)",https://www.youtube.com/watch?v=BuFgpOAQpvo,3.98
Alec Benjamin - Outrunning Karma (Karaoke Version),https://www.youtube.com/watch?v=fep_y_M2tsQ,3.45
The Lumineers - Ophelia (Karaoke Version),https://www.youtube.com/watch?v=BUhyJhM5sIw,2.88
"Will.I.Am and Miley Cyrus, French Montana, Wiz Khalifa - Feelin' Myself (Karaoke Version)",https://www.youtube.com/watch?v=7GcLZz-jdAE,4.55
The Crystals - Rudolph The Red-Nosed Reindeer (Karaoke Version),https://www.youtube.com/watch?v=oulyteAIDPU,2.68
Clairo - Pretty Girl (Karaoke Version),https://www.youtube.com/watch?v=gXZgFNFzhls,3.15
Alexander 23 - IDK You Yet (Karaoke Version),https://www.youtube.com/watch?v=mTfbXgSEzE8,3.42
Conchita Wurst - Rise Like A Phoenix (Karaoke Version),https://www.youtube.com/watch?v=PQOWzg10_j4,3.37
Iggy Azalea - Team (Karaoke Version),https://www.youtube.com/watch?v=8bwDkgcw0z8,4.13
Lorde - Yellow Flicker Beat (Karaoke Version),https://www.youtube.com/watch?v=IhSQJ-yJYI8,4.08
One Direction - Strong (Karaoke Version),https://www.youtube.com/watch?v=9S_HaJudD2U,3.2
5 Seconds Of Summer - Good Girls (Karaoke Version),https://www.youtube.com/watch?v=X3k7kLJ9p_I,3.85
Pia Mia ft. Chris Brown & Tyga - Do It Again (Karaoke Version),https://www.youtube.com/watch?v=kSRgkOPBPPc,3.78
Madonna - Vogue (Karaoke Version),https://www.youtube.com/watch?v=DI5QsCFHFrw,4.92
Lil Nas X - HOLIDAY (Karaoke Version),https://www.youtube.com/watch?v=GgQCc_JIVOA,2.92
Tom Jones - It's Not Unusual (Karaoke Version),https://www.youtube.com/watch?v=iNQVPJdKbpA,2.32
Skylar Grey - I Know You (from 'Fifty Shades Of Grey) (Karaoke Version),https://www.youtube.com/watch?v=ft6c9v-_SsM,5.2
Julie and The Phantoms - Perfect Harmony (Karaoke Version),https://www.youtube.com/watch?v=PtQOFwXIKjA,3.72
Olivia Rodrigo - all-american b*tch (Karaoke Version),https://www.youtube.com/watch?v=J9ouUOckADw,3
Chris Brown ft. Tyga - Ayo (Karaoke Version),https://www.youtube.com/watch?v=y0JtrETzs0w,4.13
Kesha - Cannibal (Karaoke Version),https://www.youtube.com/watch?v=9NGCbjKh1R0,3.65
Justin Bieber - I'll Show You (Karaoke Version),https://www.youtube.com/watch?v=LmaRqEuusXI,3.88
Dan + Shay - Tequila (Karaoke Version),https://www.youtube.com/watch?v=E0id9kAMS4k,3.43
Ed Sheeran - South Of The Border (feat. Camila Cabello & Cardi B) (Karaoke Version),https://www.youtube.com/watch?v=7lW2uwxuCLI,3.65
Chuck Berry - Run Rudolph Run (Karaoke Version),https://www.youtube.com/watch?v=UO3UiC6_86o,3.02
Selena Gomez - Rare (Karaoke Version),https://www.youtube.com/watch?v=2HGRRqUDOOk,4.1
Icona Pop and Charli XCX - I Love It (Karaoke Version),https://www.youtube.com/watch?v=7NhxGVOC4Ww,2.95
Jeremih and YG - Don't Tell Em (Karaoke Version),https://www.youtube.com/watch?v=XWriQS9yEug,4.8
Ariana Grande - everytime (Karaoke Version),https://www.youtube.com/watch?v=hShN1gAhrz8,3.23
Taylor Swift - The Archer (Karaoke Version),https://www.youtube.com/watch?v=dKbxxkWlXjE,3.73
Juice WRLD - Legends (Karaoke Version),https://www.youtube.com/watch?v=1b1HEVaWV14,3.47
Halsey - Graveyard (Karaoke Version),https://www.youtube.com/watch?v=3RX5b0M3fAI,3.33
One Direction - End Of The Day (Karaoke Version),https://www.youtube.com/watch?v=gqaXhaKtEAQ,3.8
Sub Urban ft. REI AMI - Freak (Karaoke Version),https://www.youtube.com/watch?v=dj8iG9GkNGg,3.5
Shawn Mendes - A Little Too Much (Karaoke Version),https://www.youtube.com/watch?v=xqfxOGv8bFQ,3.48
5 Seconds Of Summer - She's Kinda Hot (Karaoke Version),https://www.youtube.com/watch?v=Zl_we3nzBPY,4.17
Lady Antebellum - Just A Kiss (Karaoke Version),https://www.youtube.com/watch?v=wonXEIuEuIA,3.8
Ritt Momney - Put Your Records On (Karaoke Version),https://www.youtube.com/watch?v=wVvVrFLssTQ,3.93
BTS - Lights (Karaoke Version),https://www.youtube.com/watch?v=YFVKrqLHPzo,5.1
Ariana Grande - Daydreamin' (Karaoke Version),https://www.youtube.com/watch?v=o9CFPLGI588,3.55
Flume ft. Kai - Never Be Like You (Karaoke Version),https://www.youtube.com/watch?v=ZURU1Wu-cWc,4.5
Jess Glynne - Hold My Hand (Karaoke Version),https://www.youtube.com/watch?v=iR2Zo-q-c7M,4.32
Kelly Clarkson - Stronger (What Doesn't Kill You) (Karaoke Version),https://www.youtube.com/watch?v=jqpVztRB7RA,3.8
Sam Smith - Diamonds (Karaoke Version),https://www.youtube.com/watch?v=bIRBzGDdpmU,3.75
"Ariana Grande, Liz Gillies - Santa Baby (Karaoke Version)",https://www.youtube.com/watch?v=Sli3QQAB8zM,3.2
Post Malone ft. Ty Dolla $ign - Psycho (Karaoke Version),https://www.youtube.com/watch?v=S0tJ2Scp994,3.93
Ella Eyre - We Don't Have To Take Our Clothes Off (Karaoke Version),https://www.youtube.com/watch?v=gDGPChDrFQc,4
Harry Styles - Golden (Karaoke Version),https://www.youtube.com/watch?v=I8mlZYHr_cg,3.65
Percy Sledge - When A Man Loves A Woman (Karaoke Version),https://www.youtube.com/watch?v=Ep_HyhQo2iY,3.58
Niall Horan - Flicker (Karaoke Version),https://www.youtube.com/watch?v=Z5V-eI87cW0,4.58
Marshmello ft. CHVRCHES - Here With Me (Karaoke Version),https://www.youtube.com/watch?v=gVP5u4GnZqo,2.87
Aya Nakamura - Djadja (Karaoke Version),https://www.youtube.com/watch?v=7OUXBog_dsU,3.23
Doja Cat - Candy (Karaoke Version),https://www.youtube.com/watch?v=yHX782lZfMs,3.72
"Joshua Bassett, Olivia Rodrigo - I Think I Kinda, You Know (Karaoke Version)",https://www.youtube.com/watch?v=ou_MZcmegRk,3.17
Panic! At The Disco - Say Amen (Saturday Night) (Karaoke Version),https://www.youtube.com/watch?v=P1UBspLSWvU,3.4
Lana Del Rey ft. The Weeknd - Lust For Life (Karaoke Version),https://www.youtube.com/watch?v=pdLxI9g_578,4.77
Miley Cyrus ft. Dua Lipa - Prisoner (Karaoke Version),https://www.youtube.com/watch?v=cA1nd2m5BHM,3.27
Blueface ft. Cardi B - Thotiana Remix (Karaoke Version),https://www.youtube.com/watch?v=FypxFmetLxI,3.95
Post Malone - I Fall Apart (Piano Version),https://www.youtube.com/watch?v=z1tANMFU1i4,3.95
Travis Scott - HIGHEST IN THE ROOM (Karaoke Version),https://www.youtube.com/watch?v=O2tQp8O91X4,3.12
Ed Sheeran - Drunk (Karaoke Version),https://www.youtube.com/watch?v=_TQN3uV0P6o,3.65
Tessa Violet - Crush (Karaoke Version),https://www.youtube.com/watch?v=CAxnAR-xu50,3.92
Tate McRae - Dear Parents (Karaoke Version),https://www.youtube.com/watch?v=Ts_wrleVqvQ,3.65
5 Seconds Of Summer - Jet Black Heart (Karaoke Version),https://www.youtube.com/watch?v=FNCc9ppGgcg,4.23
Brandi Carlile  - The Joke (Karaoke Version),https://www.youtube.com/watch?v=U-GZ7ccdLOM,4.9
Troye Sivan - WILD (Karaoke Version),https://www.youtube.com/watch?v=ch_z7_hd5FY,4.37
Zombies 2 - Like The Zombies Do (Karaoke Version),https://www.youtube.com/watch?v=MtmGigox0rA,2.47
Lady Gaga - Is That Alright? (Karaoke Version),https://www.youtube.com/watch?v=tWoaa4vNI8M,3.55
DJ Snake & AlunaGeorge - You Know You Like It (Karaoke Version),https://www.youtube.com/watch?v=m4RJ3OZdAVk,4.52
Deep Blue Something - Breakfast At Tiffany's (Karaoke Version),https://www.youtube.com/watch?v=E62KRZGRo4o,4.38
5 Seconds Of Summer - Don't Stop (Karaoke Version),https://www.youtube.com/watch?v=fyRdIzoUiqg,3.17
Bazzi - Mine (Karaoke Version),https://www.youtube.com/watch?v=9cIWdpzIN0w,2.63
Lady Gaga - The Cure (Karaoke Version),https://www.youtube.com/watch?v=FHTACCMr_e0,3.82
Halsey - New Americana (Karaoke Version),https://www.youtube.com/watch?v=EtD7zSgSeWQ,3.63
Jason Aldean - You Make It Easy (Karaoke Version),https://www.youtube.com/watch?v=Q9W6Sbph_Z8,3.72
"Shawn Mendes, Camila Cabello - Señorita (Piano Version)",https://www.youtube.com/watch?v=x5r0cYNU9No,3.65
Robin Schulz ft. Francesco Yates - Sugar (Karaoke Version),https://www.youtube.com/watch?v=6JJ5kls77K4,4.23
"Milo Manheim, Meg Donnelly - Someday (Ballad) (Karaoke Version)",https://www.youtube.com/watch?v=sBrdDLQ-X8I,3.88
Jacob Sartorius - Sweatshirt (Karaoke Version),https://www.youtube.com/watch?v=PpflCk1daIY,3.47
"The Living Tombstone - Spooky, Scary Skeletons (Karaoke Version)",https://www.youtube.com/watch?v=ZLd6IcDA1qE,4.12
Van Halen - Jump (Karaoke Version),https://www.youtube.com/watch?v=Dy6CP3WZwLw,4.37
Zombies 2 - Gotta Find Where I Belong (Karaoke Version),https://www.youtube.com/watch?v=976UK6h2xrQ,3.07
Camp Rock - Gotta Find You (Karaoke Version),https://www.youtube.com/watch?v=fUOc4noynmc,4.4
Meek Mill ft. Nicki Minaj & Chris Brown - All Eyes On You (Karaoke Version),https://www.youtube.com/watch?v=RMF7mRTrBQ4,4.07
5 Seconds Of Summer ft. Julia Michaels - Lie To Me (Karaoke Version),https://www.youtube.com/watch?v=TUu5K9LzGOw,2.87
Melanie Martinez - Drama Club (Karaoke Version),https://www.youtube.com/watch?v=Cz_4Qcu1f6c,4.02
Melanie Martinez - Recess (Karaoke Version),https://www.youtube.com/watch?v=3Cz__Yiutq0,4.12
Sabrina Carpenter - Skin (Karaoke Version),https://www.youtube.com/watch?v=qUZcTZgbr_E,3.25
AJR - BANG! (Karaoke Version),https://www.youtube.com/watch?v=U9xZ4wJdQkw,3.25
NF - If You Want Love (Karaoke Version),https://www.youtube.com/watch?v=kimHPIZ-8RM,3.43
Nicki Minaj - The Night Is Still Young (Karaoke Version),https://www.youtube.com/watch?v=vwhNzQRPs9g,4.15
Kiesza - Hideaway (Karaoke Version),https://www.youtube.com/watch?v=YJehZXL35lE,4.58
"BTS, Charli XCX - Dream Glow (Karaoke Version)",https://www.youtube.com/watch?v=NAwua29GOi0,3.42
Baby Ariel - Aww (Karaoke Version),https://www.youtube.com/watch?v=622jnDi1swc,2.95
Burl Ives - A Holly Jolly Christmas (Karaoke Version),https://www.youtube.com/watch?v=oQqCEZPVxs0,2.55
Selena Gomez - Only You (Karaoke Version),https://www.youtube.com/watch?v=muZhBiA2Mks,3.35
Joji - Die For You (Karaoke Version),https://www.youtube.com/watch?v=Nkcvrr_1aP8,3.55
Conor Maynard - R U Crazy? (Karaoke Version),https://www.youtube.com/watch?v=ejDCjhhWQYo,4.52
Louis Tomlinson - Miss You (Karaoke Version),https://www.youtube.com/watch?v=wTaWuCk89dg,3.25
Julia Michaels ft. Niall Horan - What A Time (Karaoke Version),https://www.youtube.com/watch?v=GHatumpuigc,3.08
Maren Morris - The Bones (Karaoke Version),https://www.youtube.com/watch?v=t14cTDMKPw4,3.57
Sia - Rainbow (Karaoke Version),https://www.youtube.com/watch?v=m-2IC9RdTQw,3.57
Halsey - Now Or Never (Karaoke Version),https://www.youtube.com/watch?v=mukvwXNiBRY,4.15
twenty one pilots - Lane Boy (Karaoke Version),https://www.youtube.com/watch?v=Re_NSs2GqZY,4.5
Loreen - Euphoria (Karaoke Version),https://www.youtube.com/watch?v=ZVsVYTIC1ZU,3.4
5 Seconds Of Summer - Ghost Of You (Karaoke Version),https://www.youtube.com/watch?v=K6uh7tCLpbg,3.75
Sia - Fire Meet Gasoline (Karaoke Version),https://www.youtube.com/watch?v=uhMvKj4bOU8,4.02
Maroon 5 - Wait (Karaoke Version),https://www.youtube.com/watch?v=YrL49-3IBGU,3.48
Taylor Swift - Stay Stay Stay (Karaoke Version),https://www.youtube.com/watch?v=kwt6kooMFj0,3.67
"LSD - Thunderclouds ft. Labrinth, Sia, Diplo (Karaoke Version)",https://www.youtube.com/watch?v=EnBpKvUuMHc,3.37
twenty one pilots - Cancer (Karaoke Version),https://www.youtube.com/watch?v=kcvYFl_Ja7s,4.2
Rex Orange County - Loving Is Easy ft. Benny Sings (Karaoke Version),https://www.youtube.com/watch?v=A5j3FkjPomY,2.68
The Ronettes - Be My Baby (Karaoke Version),https://www.youtube.com/watch?v=3Y52_YwE7Oo,2.98
Panic! At The Disco - LA Devotee (Karaoke Version),https://www.youtube.com/watch?v=oUBb60AR0-M,3.68
The Rocky Horror Picture Show - Time Warp (Karaoke Version),https://www.youtube.com/watch?v=pE4dBVpr_Io,3.88
Tate McRae - she's all i wanna be (Karaoke Version),https://www.youtube.com/watch?v=zX1Wfqv8ewU,3.82
DNCE - Toothbrush (Karaoke Version),https://www.youtube.com/watch?v=clevuVa40Vs,4.37
Ali Gatie - What If I Told You That I Love You (Karaoke Version),https://www.youtube.com/watch?v=gPVNI42Xlkw,3.37
"Jim Brickman, Collin Raye, Susan Ashton - The Gift (Karaoke Version)",https://www.youtube.com/watch?v=DEB23TuWIPs,3.62
girl in red - i wanna be your girlfriend (Karaoke Version),https://www.youtube.com/watch?v=ncXaoIkajns,3.77
One Direction - Girl Almighty (Karaoke Version),https://www.youtube.com/watch?v=lMqvq9RbxPs,3.67
Rita Ora - Anywhere (Karaoke Version),https://www.youtube.com/watch?v=wg6wl4nOiBE,3.92
Nicki Minaj - Super Freaky Girl (Karaoke Version),https://www.youtube.com/watch?v=Gs84QK6C75g,3.22
Melanie Martinez - Teddy Bear (Karaoke Version),https://www.youtube.com/watch?v=fob4meCULZc,4.62
Charlene Soraia - Wherever You Will Go (Karaoke Version),https://www.youtube.com/watch?v=lhy2ej-ccKw,3.7
Leo Sayer - When I Need You (Karaoke Version),https://www.youtube.com/watch?v=TamNL-1_Lwg,4.42
"tick, tick... BOOM! - 30/90 (Karaoke Version)",https://www.youtube.com/watch?v=Vzr_JulXE38,4.72
Taylor Swift - This Love (Karaoke Version),https://www.youtube.com/watch?v=dyygwFpsY7E,5.17
Clean Bandit ft. Julia Michaels - I Miss You (Karaoke Version),https://www.youtube.com/watch?v=ru-hH9B-KPo,3.62
Ne-Yo - Let Me Love You (Until You Learn to Love Yourself) (Karaoke Version),https://www.youtube.com/watch?v=4Xi6V-aT1nA,4.2
Sara Bareilles - I Choose You (Karaoke Version),https://www.youtube.com/watch?v=0S2xCNh3vzg,4.02
Jason Derulo - It Girl (Karaoke Version),https://www.youtube.com/watch?v=e_M7OqVox5g,3.5
DJ Snake and Lil Jon - Turn Down For What (Karaoke Version),https://www.youtube.com/watch?v=ZnjXy97P7lY,3.93
Sia - Angel By The Wings (Karaoke Version),https://www.youtube.com/watch?v=gzhhpkuxz4E,5.72
"Ariana Grande, Doja Cat - motive (Karaoke Version)",https://www.youtube.com/watch?v=dksWnHcXbT8,3.03
Camila Cabello - Something's Gotta Give (Karaoke Version),https://www.youtube.com/watch?v=a5TvedGBijM,4.07
2 Chainz and Wiz Khalifa - We Own It (Karaoke Version),https://www.youtube.com/watch?v=ZpyYGysTGHI,4.1
Will.I.Am and Cody Wise - It's My Birthday (Karaoke Version),https://www.youtube.com/watch?v=ZXiunLg67Dw,4.53
Olly Murs - Dear Darlin' (Karaoke Version),https://www.youtube.com/watch?v=_xncUDtPA_8,3.72
Duran Duran - Hungry Like The Wolf (Karaoke Version),https://www.youtube.com/watch?v=GmzRIaRCo_M,3.97
Louis Tomlinson - Two Of Us (Karaoke Version),https://www.youtube.com/watch?v=DfaoHJFVG0k,3.97
The Weeknd - After Hours (Karaoke Version),https://www.youtube.com/watch?v=u_uNxT1bIh8,6.23
The 1975 - Chocolate (Karaoke Version),https://www.youtube.com/watch?v=WMcNsTdCqwk,4.08
Melanie Martinez ft. Tierra Whack - Copy Cat (Karaoke Version),https://www.youtube.com/watch?v=ZWYsKav2-NM,4.1
Katy Perry - Never Really Over (Karaoke Version),https://www.youtube.com/watch?v=0HXlJO2bb-s,3.98
Halsey - You should be sad (Karaoke Version),https://www.youtube.com/watch?v=4fZSkwpMopI,3.62
The Pussycat Dolls - Don't Cha (Karaoke Version),https://www.youtube.com/watch?v=ISn1-RwoNN0,4.3
Little Mix - Lightning (Karaoke Version),https://www.youtube.com/watch?v=jRMHxHbH1fk,5.57
Grace VanderWaal - So Much More Than This (Karaoke Version),https://www.youtube.com/watch?v=hE_xtfC592w,3.28
George Michael - Freedom! '90 (Karaoke Version),https://www.youtube.com/watch?v=9hr0BVlqo94,7.18
Fifth Harmony - Reflection (Karaoke Version),https://www.youtube.com/watch?v=yKHSriEb1YI,3.45
Cavetown - Lemon Boy (Karaoke Version),https://www.youtube.com/watch?v=NT5NuWvPPsE,4.67
Alice Cooper - Poison (Karaoke Version),https://www.youtube.com/watch?v=uaK8FLttCzc,4.9
All Saints - Never Ever (Karaoke Version),https://www.youtube.com/watch?v=gpKWiQFETe4,4.68
Melanie Martinez - Gingerbread Man (Karaoke Version),https://www.youtube.com/watch?v=A33vNcNTGDM,4.05
Charli XCX - Break The Rules (Karaoke Version),https://www.youtube.com/watch?v=CYrZ6QOrrsg,3.58
Melanie Martinez - Strawberry Shortcake (Karaoke Version),https://www.youtube.com/watch?v=okPNNs3Xow8,3.2
Zombies 2 - I'm Winning (Karaoke Version),https://www.youtube.com/watch?v=HHpo6VhlMoA,3.13
Whitney Houston - My Love Is Your Love (Karaoke Version),https://www.youtube.com/watch?v=bZm-Aza8fN4,4.88
HSMTMTS - Just For A Moment (Karaoke Version),https://www.youtube.com/watch?v=NXWHemYlbfg,3.63
Macklemore & Ryan Lewis and Mary Lambert - Same Love (Karaoke Version),https://www.youtube.com/watch?v=l1znKeghAXk,5.13
Taylor Swift - How You Get The Girl (Karaoke Version),https://www.youtube.com/watch?v=Sj50cDz-SLo,4.48
Khalid - Saturday Nights (Karaoke Version),https://www.youtube.com/watch?v=CXMpSe6Gkog,3.67
Karmin - Brokenhearted (Karaoke Version),https://www.youtube.com/watch?v=bWq04YH6-mU,4.15
Elvis Presley - Return To Sender (Karaoke Version),https://www.youtube.com/watch?v=TFHh1rK6sTk,2.58
Madison Beer - Dead (Karaoke Version),https://www.youtube.com/watch?v=NWSuaJwUzq8,3.57
Panic! At The Disco - Don't Threaten Me With A Good Time (Karaoke Version),https://www.youtube.com/watch?v=Bn9D3jocbdM,3.97
"Lil Baby, GUNNA - Close Friends (Karaoke Version)",https://www.youtube.com/watch?v=cpZyeJ5ZiWY,3.35
Gene Autry - Here Comes Santa Claus (Karaoke Version),https://www.youtube.com/watch?v=vvDSNTlX3DY,3.02
Little Mix - Cannonball (Karaoke Version),https://www.youtube.com/watch?v=n6MGWXqPGLI,3.9
Halsey - Hold Me Down (Karaoke Version),https://www.youtube.com/watch?v=nBjNC--brTw,3.9
XXXTentacion & Lil Pump ft. Maluma & Swae Lee - Arms Around You (Karaoke Version),https://www.youtube.com/watch?v=mn3CrszoeyY,3.47
Olivia Rodrigo - Start Of Something New (Karaoke Version),https://www.youtube.com/watch?v=VzyZ6jJCvEY,2.2
Little Mix - Word Up (Karaoke Version),https://www.youtube.com/watch?v=D-NwmaRLAnc,3.85
Ariana Grande - One Last Time (Piano Version),https://www.youtube.com/watch?v=jA-hpo0nMkY,3.78
Maroon 5 ft. Kendrick Lamar - Don't Wanna Know (Karaoke Version),https://www.youtube.com/watch?v=g_ruB5eA2pk,4.02
Empire Cast - Conqueror ft. Estelle and Jussie Smollett (Karaoke Version),https://www.youtube.com/watch?v=9b-6gEkpr5Q,4.97
Pink and Lily Allen - True Love (Karaoke Version),https://www.youtube.com/watch?v=z-5-vOEXc40,4.17
Jess Glynne - Thursday (Karaoke Version),https://www.youtube.com/watch?v=9_gx45yPxMs,3.82
Wallows feat. Clairo - Are You Bored Yet? (Karaoke Version),https://www.youtube.com/watch?v=466j_lb7bMs,3.15
"Bobby ""Boris"" Pickett - Monster Mash (Karaoke Version)",https://www.youtube.com/watch?v=-fVgl9-Zx3k,3.5
Luke Combs - Forever After All (Karaoke Version),https://www.youtube.com/watch?v=bAheKhvj_gI,4.12
"Taylor Swift ft. Ed Sheeran, Future - End Game (Karaoke Version)",https://www.youtube.com/watch?v=YrG4QM7lans,4.27
One Direction - Home (Karaoke Version),https://www.youtube.com/watch?v=IzL4eMcMjZQ,3.82
Julie and The Phantoms - Finally Free (Karaoke Version),https://www.youtube.com/watch?v=qE-zymd9Yq0,3.37
Faouzia - Born Without A Heart (Karaoke Version),https://www.youtube.com/watch?v=MTp6PpGgLHg,2.72
Rusted Root - Send Me On My Way (Karaoke Version),https://www.youtube.com/watch?v=fEpfsVDPImI,5.33
Lil Pump - ESSKEETIT (Karaoke Version),https://www.youtube.com/watch?v=3jL7g3nx0cs,3.38
Halsey - Nightmare (Karaoke Version),https://www.youtube.com/watch?v=6iHo98p2RDc,4.1
"Hailee Steinfeld, BloodPop® - Capital Letters (Karaoke Version)",https://www.youtube.com/watch?v=o86W4LqI_Vo,3.8
Melanie Martinez - Dead To Me (Karaoke Version),https://www.youtube.com/watch?v=2Yazj2DJ_LE,4.2
Old Dominion - One Man Band (Karaoke Version),https://www.youtube.com/watch?v=XU1Sts_K3ns,3.28
"Ashe, FINNEAS - Till Forever Falls Apart (Karaoke Version)",https://www.youtube.com/watch?v=S6RIe2obLmM,3.95
Troye Sivan - Happy Little Pill (Karaoke Version),https://www.youtube.com/watch?v=QA0aJNsAq8A,4.23
Kanye West & Lil Pump ft. Adele Givens - I Love It (Karaoke Version),https://www.youtube.com/watch?v=70QfofcVzqs,2.53
Enrique Iglesias - Heart Attack (Karaoke Version),https://www.youtube.com/watch?v=GGgQgeSx2jg,3.15
Lil Mosey - Blueberry Faygo (Karaoke Version),https://www.youtube.com/watch?v=vLdICfIIumI,3.02
Hailee Steinfeld ft. DNCE - Rock Bottom (Karaoke Version),https://www.youtube.com/watch?v=RRTUHx95HEg,3.83
Royal & The Serpent - Overwhelmed (Karaoke Version),https://www.youtube.com/watch?v=qfqzXWf6_4g,3.08
Jennifer Lopez and Iggy Azalea - Booty (Remix) (Karaoke Version),https://www.youtube.com/watch?v=pnHEAUuvVoE,3.97
Gabrielle Aplin - Please Don't Say You Love Me (Karaoke Version),https://www.youtube.com/watch?v=0txJDr9G1dk,3.03
TWICE - MOONLIGHT SUNRISE (Karaoke Version),https://www.youtube.com/watch?v=EpxuxJcSrwQ,3.12
"Faouzia - RIP, Love (Karaoke Version)",https://www.youtube.com/watch?v=MD1AEAKQoZI,3.17
Surf Mesa - ily (Karaoke Version),https://www.youtube.com/watch?v=XpD7EPb5kHU,3.33
Ruth B - 2 Poor Kids (Karaoke Version),https://www.youtube.com/watch?v=3WyuNHA0ibg,4.32
Taylor Swift ft. Gary Lightbody - The Last Time (Karaoke Version),https://www.youtube.com/watch?v=g82LqBoJWFA,5.3
Years & Years - Eyes Shut (Karaoke Version),https://www.youtube.com/watch?v=_xCwAIeKtX4,3.77
Lizzo ft. Ariana Grande - Good As Hell (Remix) (Karaoke Version),https://www.youtube.com/watch?v=DaHLqP-CTac,3.1
Ashnikko ft. Yung Baby Tate - STUPID (Karaoke Version),https://www.youtube.com/watch?v=b69Sov59Lvo,3.18
Selena Gomez - Me & The Rhythm (Karaoke Version),https://www.youtube.com/watch?v=6tjI8HbZHlM,4.12
Charlie Puth - Light Switch (Karaoke Version),https://www.youtube.com/watch?v=r-yRELmja1Y,3.45
Ariana Grande - Why Try (Karaoke Version),https://www.youtube.com/watch?v=cvHD1nXh0a0,3.83
"Ariana Grande - thank u, next (Full Album Karaoke)",https://www.youtube.com/watch?v=DoUR6zpG7fE,40.77
Troye Sivan - Talk Me Down (Karaoke Version),https://www.youtube.com/watch?v=DQvpQN7bnJY,4.43
Taylor Swift - All You Had To Do Was Stay (Karaoke Version),https://www.youtube.com/watch?v=52ejQRox9l4,3.5
SZA ft. Travis Scott - Love Galore (Karaoke Version),https://www.youtube.com/watch?v=zR2b2j_X-WE,5.03
Catie Turner - Prom Queen (Karaoke Version),https://www.youtube.com/watch?v=r2vP_7btUHA,4.47
Hozier - Someone New (Karaoke Version),https://www.youtube.com/watch?v=9lXGUYe4osQ,4.03
The Weeknd - In The Night (Karaoke Version),https://www.youtube.com/watch?v=kV5dLKnQ90I,4.45
Post Malone - Wow. (Karaoke Version),https://www.youtube.com/watch?v=YJKiF31Keig,2.68
Ciara - I Bet (Karaoke Version),https://www.youtube.com/watch?v=9_mZCO9WQZM,5.07
Kehlani ft. Ty Dolla $ign - Nights Like This (Karaoke Version),https://www.youtube.com/watch?v=z-uz8d2Tif4,3.62
"Ariana Grande - thank u, next (Piano Version)",https://www.youtube.com/watch?v=b0Quu5Q4Ct8,4.07
Barenaked Ladies - One Week (Karaoke Version),https://www.youtube.com/watch?v=eZOhZFFpdU4,3.53
P!nk - Beautiful Trauma (Karaoke Version),https://www.youtube.com/watch?v=_FhkZYVVrhA,4.42
Katy B - Crying For No Reason (Karaoke Version),https://www.youtube.com/watch?v=QzveqpX655M,4.48
X Ambassadors - Renegades (Karaoke Version),https://www.youtube.com/watch?v=e314BoqPb0c,3.82
SZA - Garden (Say It Like Dat) (Karaoke Version),https://www.youtube.com/watch?v=-LL-FEEGoEk,3.42
Kylie Minogue - Santa Baby (Karaoke Version),https://www.youtube.com/watch?v=tyN3301wYQ0,4.02
Melanie Martinez - Fire Drill (Karaoke Version),https://www.youtube.com/watch?v=IEkU7GFBhT0,4.68
Iggy Azalea ft. Jennifer Hudson - Trouble (Karaoke Version),https://www.youtube.com/watch?v=wTUoMxzZfh0,3.08
Nicki Minaj - Barbie Tingz (Karaoke Version),https://www.youtube.com/watch?v=6uoMg0fdBzY,3.48
Cian Ducrot - I'll Be Waiting (Karaoke Version),https://www.youtube.com/watch?v=8vgohTaYLfw,3.13
Ed Sheeran ft. YEBBA - Best Part Of Me (Karaoke Version),https://www.youtube.com/watch?v=Ld2_DnYJiGg,4.22
Selena Gomez - Kill Em With Kindness (Acoustic) (Karaoke Version),https://www.youtube.com/watch?v=mqCv2Ee1iaw,3.9
Melanie Martinez - Detention (Karaoke Version),https://www.youtube.com/watch?v=J66WV9OlN8c,5.27
Dua Lipa - We're Good (Karaoke Version),https://www.youtube.com/watch?v=6SXG6xbyqFA,3.08
Julia Michaels ft. Selena Gomez - Anxiety (Karaoke Version),https://www.youtube.com/watch?v=8sOVr-t-IGY,3.77
Jax - Victoria's Secret (Karaoke Version),https://www.youtube.com/watch?v=_RD5Yf3Vu6Q,3.13
Enrique Iglesias ft. Ludacris - Tonight (I'm Loving You) (Karaoke Version),https://www.youtube.com/watch?v=FuVWi76sMMw,4.22
Fifth Harmony ft. Meghan Trainor - Brave Honest Beautiful (Karaoke Version),https://www.youtube.com/watch?v=ER9agIoexhI,3.77
Christina Perri - The Words (Karaoke Version),https://www.youtube.com/watch?v=bKbBTVSr4ic,4.72
HSMTMTS - Born To Be Brave (Karaoke Version),https://www.youtube.com/watch?v=MFvo302RcI8,3.47
"Britney Spears, Iggy Azalea - Pretty Girls (Karaoke Version)",https://www.youtube.com/watch?v=nED-QSN2BxU,3.15
Jessie J - Who's Laughing Now (Karaoke Version),https://www.youtube.com/watch?v=HH0GvxqzZXE,4.12
Ellie Goulding - Still Falling For You (Karaoke Version),https://www.youtube.com/watch?v=vIZTzbxUkG0,4.58
"Machine Gun Kelly, YUNGBLUD, Travis Barker - I Think I'm OKAY (Karaoke Version)",https://www.youtube.com/watch?v=m-Yy4RAC8Kg,3.15
Martin Garrix & Troye Sivan - There For You (Karaoke Version),https://www.youtube.com/watch?v=hR3ivXi53XM,4.08
"Sista Prod, Powfu, Alec Benjamin, Rxseboy - Eyes Blue Like The Atlantic Part 2 (Karaoke Version)",https://www.youtube.com/watch?v=n31fy8f2Xic,3.13
ZAYN - LIKE I WOULD (Karaoke Version),https://www.youtube.com/watch?v=oAFTlrdr9RI,3.92
Meghan Trainor - Walkashame (Karaoke Version),https://www.youtube.com/watch?v=bRlAA1CpaIA,3.43
Lady Gaga - Look What I Found (Karaoke Version),https://www.youtube.com/watch?v=awIle6Q5M_I,3.12
Jonas Brothers - Only Human (Karaoke Version),https://www.youtube.com/watch?v=7ot2SDdPISA,3.28
TINI - Great Escape (Karaoke Version),https://www.youtube.com/watch?v=uczT-O2s_Hc,4.4
Faouzia - You Don't Even Know Me (Karaoke Version),https://www.youtube.com/watch?v=BEO7ZbVbzss,3.4
Bebe Rexha ft. Nicki Minaj - No Broken Hearts (Karaoke Version),https://www.youtube.com/watch?v=FXYEuxna-SI,4.57
Jess Glynne - Don't Be So Hard On Yourself (Karaoke Version),https://www.youtube.com/watch?v=NYAHyU_hpPo,3.92
The Script - Rain (Karaoke Version),https://www.youtube.com/watch?v=Wo2yRe0rVuc,3.82
Bea Miller - Fire N Gold (Karaoke Version),https://www.youtube.com/watch?v=uH2VK4yDCLg,4.02
David Pomeranz - On This Day (Karaoke Version),https://www.youtube.com/watch?v=sUD_pgXU0e0,4.38
The Vamps - Wake Up (Karaoke Version),https://www.youtube.com/watch?v=e6ISjJiX92I,5.48
Charli XCX - Boys (Karaoke Version),https://www.youtube.com/watch?v=gzlOFnf1CMI,3.08
Gabbie Hanna - Out Loud (Karaoke Version),https://www.youtube.com/watch?v=bWhDB28CUHQ,3.53
Little Mix - About The Boy (Karaoke Version),https://www.youtube.com/watch?v=2lxEzF2pLa0,4.22
Demi Lovato - Tell Me You Love Me (Karaoke Version),https://www.youtube.com/watch?v=Dn4t2ZG2STo,4.45
Ed Sheeran -  Perfect (Piano Karaoke),https://www.youtube.com/watch?v=NFNGAVVmXZs,4.67
Darlene Love - Christmas (Baby Please Come Home) (Karaoke Version),https://www.youtube.com/watch?v=b5vrOlvZN5c,3
Why Don't We - These Girls (Karaoke Version),https://www.youtube.com/watch?v=7FgFtvwcU-o,3.18
Little Mix - Towers (Karaoke Version),https://www.youtube.com/watch?v=dsp6TjJdT9M,4.45
The Irrepressibles - In This Shirt (Karaoke Version),https://www.youtube.com/watch?v=NaN_z-BArCE,4.78
Neon Trees - Animal (Karaoke Version),https://www.youtube.com/watch?v=TuJiMlvWXiA,3.88
Ariana Grande - NASA (Karaoke Version),https://www.youtube.com/watch?v=OHnC1RAeyco,3.15
NF - Why (Karaoke Version),https://www.youtube.com/watch?v=QHbG_t6PFfI,3.37
Madison Beer - Good In Goodbye (Karaoke Version),https://www.youtube.com/watch?v=rM2YZhBux7w,2.77
Taylor Swift - Christmas Tree Farm (Karaoke Version) | Sing King Karaoke,https://www.youtube.com/watch?v=AWgw7_QZELg,3.98
Bebe Rexha - I'm Gonna Show You Crazy (Karaoke Version),https://www.youtube.com/watch?v=YZUCpWQO2-Y,4.2
Justin Bieber - Heartbreaker (Karaoke Version),https://www.youtube.com/watch?v=3l0ro3uYvSs,4.58
Frank Sinatra - Fly Me To The Moon (Piano Karaoke),https://www.youtube.com/watch?v=T_Fd7Qxjz9k,2.2
James Arthur - Impossible (Piano Karaoke),https://www.youtube.com/watch?v=npggOlVAGog,3.73
Queen - I Want It All (Karaoke Version),https://www.youtube.com/watch?v=bkLh27na7Kc,4.35
Justin Bieber ft. Halsey - The Feeling (Karaoke Version),https://www.youtube.com/watch?v=NYiZ0LBe8Sk,4.3
Jason Derulo - Colors (Karaoke Version),https://www.youtube.com/watch?v=gWVI5as34wU,3.82
Nelly  - Just A Dream (Karaoke Version),https://www.youtube.com/watch?v=XJ4AKd-xMtA,4.03
YOASOBI - アイドル (Idol) (Karaoke Version),https://www.youtube.com/watch?v=aoZrqJcXfK8,3.6
Meghan Trainor - Close Your Eyes (Karaoke Version),https://www.youtube.com/watch?v=WBKKj3KCScg,4.02
Nicki Minaj ft. Drake - Truffle Butter (Karaoke Version),https://www.youtube.com/watch?v=grOUdKT0WxM,4.1
BLACKPINK ft. Cardi B - Bet You Wanna (Karaoke Version),https://www.youtube.com/watch?v=7tilGhvOeeg,3.03
ABBA - The Name Of The Game (Karaoke Version),https://www.youtube.com/watch?v=v-wsbOhnFuE,4.6
The Weeknd - Heartless (Karaoke Version),https://www.youtube.com/watch?v=YzYeCLUD1NM,3.68
Lauren Daigle - Hold On To Me (Karaoke Version),https://www.youtube.com/watch?v=K-Sw29N29oc,3.13
Anne-Marie - Then (Karaoke Version),https://www.youtube.com/watch?v=9UyVKwvOxaY,3.92
Little Mix - Sweet Melody (Karaoke Version),https://www.youtube.com/watch?v=0ruhi3keo5g,4.02
Taylor Swift - Afterglow (Karaoke Version),https://www.youtube.com/watch?v=GRm6tfEIhDI,3.78
Rita Ora - Let You Love Me (Karaoke Version),https://www.youtube.com/watch?v=zveY65HC9vU,3.35
Sofia Carson - Come Back Home (Karaoke Version),https://www.youtube.com/watch?v=RoQTjX-MeaI,3.2
Lewis Capaldi - One (Karaoke Version),https://www.youtube.com/watch?v=77JtLVNt7Zs,3.33
Jax Jones ft. RAYE - You Don't Know Me (Karaoke Version),https://www.youtube.com/watch?v=XsF2eUAfmFE,4
Descendants 3 - Queen Of Mean (Piano Version),https://www.youtube.com/watch?v=rw9Yi4-5RX8,3.53
Taylor Swift - You Are In Love (Karaoke Version),https://www.youtube.com/watch?v=lNVeD7CdYQY,4.82
Major Lazer ft. Ellie Goulding & Tarrus Riley - Powerful (Karaoke Version),https://www.youtube.com/watch?v=vCkDSb6iotQ,3.72
Afrojack and Wrabel - Ten Feet Tall (Karaoke Version),https://www.youtube.com/watch?v=yVcQMZcXvLQ,4.13
Drake - Toosie Slide (Karaoke Version),https://www.youtube.com/watch?v=iY_4jm6Z97g,4.12
The Weeknd - Secrets (Karaoke Version),https://www.youtube.com/watch?v=SG39UNNFls0,4.83
Doja Cat - Juicy (Karaoke Version),https://www.youtube.com/watch?v=kfFe_lj9uIU,3.65
Lady Gaga - Til It Happens To You (Karaoke Version),https://www.youtube.com/watch?v=FaQUZdvmKlU,4.78
"Marshmello, Halsey - Be Kind (Karaoke Version)",https://www.youtube.com/watch?v=BuBPUduKOw0,3.33
Paramore - Monster (Karaoke Version),https://www.youtube.com/watch?v=8o3P3jwgtjY,3.9
Ava Max - Torn (Karaoke Version),https://www.youtube.com/watch?v=NU9OB1Gv5Qc,3.57
"P!nk, Chris Stapleton - Love Me Anyway (Karaoke Version)",https://www.youtube.com/watch?v=tR9eNnXA9EA,3.45
Lunchmoney Lewis - Bills (Karaoke Version),https://www.youtube.com/watch?v=-94zx7u26Ac,3.73
Sheck Wes - Mo Bamba (Karaoke Version),https://www.youtube.com/watch?v=9YsT_qIziDI,3.3
CNCO - Mamita (Karaoke Version),https://www.youtube.com/watch?v=EAamam1pyyQ,3.12
Labrinth -  Still Don't Know My Name (Karaoke Version),https://www.youtube.com/watch?v=8EB2iwEvE4s,3.05
Tove Lo and Hippie Sabotage - Stay High (Karaoke Version),https://www.youtube.com/watch?v=s2YDvHj4rEE,4.6
"DJ Khaled ft. Justin Bieber, Chance The Rapper, Quavo - No Brainer (Karaoke Version)",https://www.youtube.com/watch?v=aQHjf2rrnZ8,4.43
Ellie Goulding - Beating Heart (Karaoke Version),https://www.youtube.com/watch?v=pfi5VycP0ug,3.88
Hayley Kiyoko - Girls Like Girls (Karaoke Version),https://www.youtube.com/watch?v=BVWUB8VMuiI,4.3
Melanie Martinez - Orange Juice (Karaoke Version),https://www.youtube.com/watch?v=sibriJbzZQM,3.87
Ariana Grande - 7 rings (Piano Version),https://www.youtube.com/watch?v=GIuAye8u_v8,3.2
The Veronicas - You Ruin Me (Karaoke Version),https://www.youtube.com/watch?v=4i_EpEJqbRw,4.13
Lyn Lapid - Producer Man (Karaoke Version),https://www.youtube.com/watch?v=JfslRemEt-M,2.72
"Panic! At The Disco - Hey Look Ma, I Made It (Karaoke Version)",https://www.youtube.com/watch?v=_HNMX3dr8_U,3.05
Fall Out Boy - Uma Thurman (Karaoke Version),https://www.youtube.com/watch?v=qw-E5IqQ4MU,4.18
Christina Perri - A Thousand Years (Lullaby) (Karaoke Version),https://www.youtube.com/watch?v=IhGn__Prgrs,3.02
Victorious - It's Not Christmas Without You (Karaoke Version),https://www.youtube.com/watch?v=v1RMIznbpFs,2.93
Tory Lanez - Say It (Karaoke Version),https://www.youtube.com/watch?v=jIi_6LxcEsk,4.53
Anne-Marie - Perfect To Me (Karaoke Version),https://www.youtube.com/watch?v=mj9i9OqfHSA,3.48
Studio Killers - Jenny (I Wanna Ruin Our Friendship) (Karaoke Version),https://www.youtube.com/watch?v=Ln98fP6ADS8,3.93
Doja Cat - Mooo! (Karaoke Version),https://www.youtube.com/watch?v=UhcMtfvilqo,4.87
Taylor Swift - Beautiful Ghosts (Karaoke Version),https://www.youtube.com/watch?v=tnU5FVhE7d4,4.7
Bea Miller - Young Blood (Karaoke Version),https://www.youtube.com/watch?v=wD88yyVSdZU,4
Bazzi - I.F.L.Y (Karaoke Version),https://www.youtube.com/watch?v=WG3x0Ofe1K0,3.08
Nicki Minaj ft. Lil Wayne - Good Form (Karaoke Version),https://www.youtube.com/watch?v=AJcz7PRb7cU,4.18
James Smith - Tell Me That You Love Me (Karaoke Version),https://www.youtube.com/watch?v=6r1zF7QAeqk,3.42
Miley Cyrus - Slide Away (Karaoke Version),https://www.youtube.com/watch?v=zUL3luiUzVE,3.9
Years & Years - Shine (Karaoke Version),https://www.youtube.com/watch?v=dKQW7Bsz_R0,4.57
"Carly Pearce, Lee Brice - I Hope You're Happy Now (Karaoke Version)",https://www.youtube.com/watch?v=3VP2PkzM_nE,3.62
Omi - Hula Hoop (Karaoke Version),https://www.youtube.com/watch?v=KlEimTUMaWU,3.97
Selena Gomez - Perfect (Karaoke Version),https://www.youtube.com/watch?v=bIUME7pcACA,4.63
Pitbull ft. Ne-Yo - Time Of Our Lives (Karaoke Version),https://www.youtube.com/watch?v=mWaO4gvjG0E,4.23
Zara Larsson - Ruin My Life (Karaoke Version),https://www.youtube.com/watch?v=j2mzH2zkV8w,3.35
R5 - (I Can't) Forget About You (Karaoke Version),https://www.youtube.com/watch?v=dxE-FrLAMuI,3.88
Tom Odell - Heal (Karaoke Version),https://www.youtube.com/watch?v=DaJ8IOg8yPM,3.53
Sam Smith - Drowning Shadows (Karaoke Version),https://www.youtube.com/watch?v=D5qBdppqOAc,4.82
Pharrell Williams - Freedom (Karaoke Version),https://www.youtube.com/watch?v=_gP1MePb1Gk,3.12
Taylor Swift - State Of Grace (Karaoke Version),https://www.youtube.com/watch?v=euAnSu99z1c,5.32
Taylor Swift - I Forgot That You Existed (Karaoke Version),https://www.youtube.com/watch?v=1Ciudf819wA,3.8
Sia - Santa's Coming For Us (Karaoke Version),https://www.youtube.com/watch?v=z7iaZ_7_IJA,3.92
Anna Clendening  - Boys Like You (Acoustic) (Karaoke Version),https://www.youtube.com/watch?v=D62Pc92QkpA,4.43
"Rich Homie Quan - Flex (Ooh, Ooh, Ooh) (Karaoke Version)",https://www.youtube.com/watch?v=N6c6ayaZs9g,3.28
Rihanna - Shut Up And Drive (Karaoke Version),https://www.youtube.com/watch?v=fPVo9MnoiEc,4.15
Alesso vs OneRepublic - If I Lose Myself (Karaoke Version),https://www.youtube.com/watch?v=vnONN4Lv3t8,3.82
Anne-Marie - Heavy (Karaoke Version),https://www.youtube.com/watch?v=Sj5qjGmGfcU,3.15
Jack and Jack - Like That (Karaoke Version),https://www.youtube.com/watch?v=Hfw55F2Qg9c,4.13
Foushée - Deep End (Karaoke Version),https://www.youtube.com/watch?v=4_FtDjnyf3M,2.85
One Direction - One Way or Another (Teenage Kicks) (Karaoke Version),https://www.youtube.com/watch?v=lt7mkYREVEg,2.73
Demi Lovato ft. Cher Lloyd - Really Don't Care (Karaoke Version),https://www.youtube.com/watch?v=F7TUimZrlGQ,3.65
Cash Cash and Bebe Rexha - Take Me Home (Karaoke Version),https://www.youtube.com/watch?v=5rCYIi0-NEo,3.78
"Calum Scott, Lyodra - Heaven (Karaoke Version)",https://www.youtube.com/watch?v=fM8BLWGwyIw,3.35
Charlie Puth - The Way I Am (Karaoke Version),https://www.youtube.com/watch?v=mv9ZQFIsplc,3.43
Eva Cassidy - Songbird (Karaoke Version),https://www.youtube.com/watch?v=ripaCP9HPX4,4.05
Billie Eilish - Ocean Eyes (Piano Karaoke),https://www.youtube.com/watch?v=xJKKopkyuDw,3.77
One Direction - Act My Age (Karaoke Version),https://www.youtube.com/watch?v=qvh7rnqx-VI,3.67
Halsey - Eyes Closed (Karaoke Version),https://www.youtube.com/watch?v=odDA2rs-G9M,3.83
Enrique Iglesias ft. Nicole Scherzinger - Heartbeat (Karaoke Version),https://www.youtube.com/watch?v=MOmHq7yHF1Q,4.57
Machine Gun Kelly - Let You Go (Karaoke Version),https://www.youtube.com/watch?v=ww5ejsBriBM,3.3
Luke Combs - Even Though I'm Leaving (Karaoke Version),https://www.youtube.com/watch?v=qY4B6BYzAXQ,4.05
Anne-Marie - Her (Karaoke Version),https://www.youtube.com/watch?v=g3a14E6_Hlo,3.25
Bebe Rexha ft. Lil Wayne - The Way I Are (Dance With Somebody) (Karaoke Version),https://www.youtube.com/watch?v=8jpENg-mnKo,3.53
"ABBA - My Love, My Life (Karaoke Version)",https://www.youtube.com/watch?v=ljf3RDTAM4s,4.18
Billie Eilish - i love you (Piano Version),https://www.youtube.com/watch?v=l4vicxPeA3c,5.12
MKTO - American Dream (Karaoke Version),https://www.youtube.com/watch?v=L7glEAQPKwY,4.1
Miley Cyrus - Mother's Daughter (Karaoke Version),https://www.youtube.com/watch?v=siQH7qA7zvg,3.75
Post Malone - Hollywood's Bleeding (Karaoke Version),https://www.youtube.com/watch?v=y3hYZJnyN2Y,2.93
Deniece Williams - Let's Hear It For The Boy (Karaoke Version),https://www.youtube.com/watch?v=CucVxsLzUjo,4.32
"Silk City, Dua Lipa - Electricity (Karaoke Version)",https://www.youtube.com/watch?v=XLCfV73zW_Q,4.32
Jason Derulo - Get Ugly (Karaoke Version),https://www.youtube.com/watch?v=I1i9FIue6vk,3.83
Camila Cabello ft. Quavo - OMG (Karaoke Version),https://www.youtube.com/watch?v=fRvhoHcOrrE,4.18
Backstreet Boys - All I Have To Give (Karaoke Version),https://www.youtube.com/watch?v=pHZJDruEBj0,4.8
"Topic, A7S - Breaking Me (Karaoke Version)",https://www.youtube.com/watch?v=NzokKiTxfnA,3.17
Jorja Smith - The One (Karaoke Version),https://www.youtube.com/watch?v=UJYGsBdMyDY,3.48
Olivia Rodrigo - happier (Piano Karaoke),https://www.youtube.com/watch?v=f0WGcng_NQI,3.05
Ava Max - Who's Laughing Now (Karaoke Version),https://www.youtube.com/watch?v=k0kXvS1il-o,3.43
The La's - There She Goes (Karaoke Version),https://www.youtube.com/watch?v=Bxgvg97oca0,3.05
R.E.M. - It's The End Of The World As We Know It (And I Feel Fine) (Karaoke Version),https://www.youtube.com/watch?v=oxxpyTw8U2U,4.48
Alan Walker ft. Gavin James - Tired (Karaoke Version),https://www.youtube.com/watch?v=V9vY5Unu06k,3.6
Fall Out Boy ft. Demi Lovato - Irresistible (Karaoke Version),https://www.youtube.com/watch?v=r2U4YL-f91c,4.08
Ava Max - Christmas Without You (Karaoke Version),https://www.youtube.com/watch?v=ra-HNUFAcaU,3.18
Noah Cyrus - Stay Together (Karaoke Version),https://www.youtube.com/watch?v=agnsQRoInFE,3.6
The Vamps & Matoma - All Night (Karaoke Version),https://www.youtube.com/watch?v=KlWvgxsPk74,3.85
Marshmello & Kane Brown - One Thing Right (Karaoke Version),https://www.youtube.com/watch?v=jxfXf69xRCM,3.3
Billie Eilish - idontwannabeyouanymore (Piano Karaoke),https://www.youtube.com/watch?v=a-6TcHb2x1A,3.8
Olivia Rodrigo - drivers license (Piano Karaoke),https://www.youtube.com/watch?v=vGCmAYof0vk,4.18
ZAYN - Entertainer (Karaoke Version),https://www.youtube.com/watch?v=j1kepXCOu10,3.72
Britney Spears - Ooh La La (Karaoke Version),https://www.youtube.com/watch?v=nNcTFDHEyes,4.48
Neiked feat. Dyo - Sexual (Karaoke Version),https://www.youtube.com/watch?v=MbA79Qe2Jzo,3.77
Kelly Clarkson - Catch My Breath (Karaoke Version),https://www.youtube.com/watch?v=Hh_9KtUL3hU,4.47
twenty one pilots - My Blood (Karaoke Version),https://www.youtube.com/watch?v=naZyZzr1Emc,4.27
Blanco Brown - The Git Up (Karaoke Version),https://www.youtube.com/watch?v=yrG-VAcbCb0,3.6
Kelly Clarkson - Mr Know It All (Karaoke Version),https://www.youtube.com/watch?v=DvBvNnzwdzU,4.23
Sigrid - Don't Kill My Vibe (Karaoke Version),https://www.youtube.com/watch?v=IlnDjUtKMck,3.32
Why Don't We - Trust Fund Baby (Karaoke Version),https://www.youtube.com/watch?v=UFxp9yklnHA,3.72
Olivia O'Brien - Empty (Karaoke Version),https://www.youtube.com/watch?v=s_uRP4zLxk8,4.05
Halsey ft. Lauren Jauregui - Strangers (Karaoke Version),https://www.youtube.com/watch?v=DHP9Mm4Umlg,4.03
The Vamps - Last Night (Karaoke Version),https://www.youtube.com/watch?v=HyI18YcqCg8,3.52
Little Big Town - Better Man (Karaoke Version),https://www.youtube.com/watch?v=OZzvW_6nKOI,4.77
Usher - I Don't Mind ft. Juicy J (Karaoke Version),https://www.youtube.com/watch?v=7DumTG7688U,4.48
Migos - T-Shirt (Karaoke Version),https://www.youtube.com/watch?v=cYAqQC_n-OA,4.27
The 1975 - The Sound (Karaoke Version),https://www.youtube.com/watch?v=oh5WsfZVVrE,4.65
Travis Scott - Antidote (Karaoke Version),https://www.youtube.com/watch?v=3s7kBlAiNK4,4.85
Meghan Trainor - 3AM (Karaoke Version),https://www.youtube.com/watch?v=Q80cDvj2L3o,3.65
Zella Day - East Of Eden (Karaoke Version),https://www.youtube.com/watch?v=vc0rxHPxuek,3.67
Jonas Brothers - Like It's Christmas (Karaoke Version),https://www.youtube.com/watch?v=VlFVFTNcz9A,3.73
"Lil Nas X, Cardi B - Rodeo (Karaoke Version)",https://www.youtube.com/watch?v=CHxcL_EXa3Q,2.95
Clean Bandit - Real Love (Karaoke Version),https://www.youtube.com/watch?v=hwjzQ25cOdM,3.95
"TINI, Karol G - Princesa (Karaoke Version)",https://www.youtube.com/watch?v=T5ScMCvBGss,3.85
One Direction - Gotta Be You (Karaoke Version),https://www.youtube.com/watch?v=rvRqiCzBDZA,4.15
lovelytheband - broken (Karaoke Version),https://www.youtube.com/watch?v=CROH2DvcybY,3.55
benny blanco & Juice WRLD ft. Brendon Urie - Roses (Karaoke Version),https://www.youtube.com/watch?v=Wh0wBurqWjQ,4.05
Slade - Merry Xmas Everybody (Karaoke Version),https://www.youtube.com/watch?v=0m3V3gOUD2w,3.88
Chris Brown - Don't Wake Me Up (Karaoke Version),https://www.youtube.com/watch?v=NfJXKVq3bTo,4.03
Jessie J and 2 Chainz - Burnin' Up (Karaoke Version),https://www.youtube.com/watch?v=YPANAPBjP0c,3.97
Debby Boone - You Light Up My Life (Karaoke Version),https://www.youtube.com/watch?v=oygfegm6Pjk,4.45
Galantis - Runaway (U & I) (Karaoke Version),https://www.youtube.com/watch?v=yTXNX8TGWxI,4.3
Diana Ross - I'm Coming Out (Karaoke Version),https://www.youtube.com/watch?v=SAwx-A0snUQ,5.83
Meghan Trainor - No Good For You (Karaoke Version),https://www.youtube.com/watch?v=3-jf58-XDYs,4.25
OneRepublic - Stop And Stare (Karaoke Version),https://www.youtube.com/watch?v=i2RjSLEMj60,4.07
Ansel Elgort - Supernova (Karaoke Version),https://www.youtube.com/watch?v=z8B6_PFXDEA,3.5
Mashmello x Lil Peep - Spotlight (Karaoke Version),https://www.youtube.com/watch?v=ZziQWyu_XSU,3.22
Flo Rida - GDFR ft. Sage The Gemini and Lookas (Karaoke Version),https://www.youtube.com/watch?v=yCYin3gFFCE,3.67
Damien Rice - Cannonball (Karaoke Version),https://www.youtube.com/watch?v=0ZZL5nj8fVo,4.12
Kacey Musgraves - Space Cowboy (Karaoke Version),https://www.youtube.com/watch?v=noI9Rbb3uhw,3.77
"Camila Cabello, Ed Sheeran - Bam Bam (Karaoke Version)",https://www.youtube.com/watch?v=2ctitUsccu0,3.83
Shawn Mendes - Nervous (Karaoke Version),https://www.youtube.com/watch?v=oAHBQ55tQAw,3.12
Conan Gray - Heather (Piano Karaoke),https://www.youtube.com/watch?v=QO0ucFnssKI,3.45
Billie Eilish - goodbye (Karaoke Version),https://www.youtube.com/watch?v=n3RvVXmUtik,2.32
MarMar Oso - Ruthless (Karaoke Version),https://www.youtube.com/watch?v=bJ31_Nx0ni4,4.15
Lupe Fiasco & Guy Sebastian - Battle Scars (Karaoke Version),https://www.youtube.com/watch?v=_vx_Co2Hwuo,4.6
The Wanted - Chasing The Sun (Karaoke Version),https://www.youtube.com/watch?v=WQTTfkzWvGI,3.55
Fifth Harmony Feat. Ty Dolla $ign - Work From Home (Karaoke Version),https://www.youtube.com/watch?v=255bFXQUqhk,3.87
twenty one pilots - Nico And The Niners (Karaoke Version),https://www.youtube.com/watch?v=Vd_WTH_ZpJg,4.27
Taylor Swift - You're Not Sorry (Karaoke Version),https://www.youtube.com/watch?v=hrGJbnoByAA,4.82
Lorde - Perfect Places (Karaoke Version),https://www.youtube.com/watch?v=hELT-kYcugw,3.88
Bebe Rexha - You Can't Stop The Girl (Karaoke Version),https://www.youtube.com/watch?v=uEX4Z4lHS0c,3.07
MyLifeAsEva - Literally My Life (Karaoke Version),https://www.youtube.com/watch?v=mMEdoCG1MH0,3.97
Who Is Fancy ft. Ariana Grande & Meghan Trainor - Boys Like You (Karaoke Version),https://www.youtube.com/watch?v=ZpK5dZgoC14,3.77
The Chainsmokers ft. Kelsea Ballerini - This Feeling (Karaoke Version),https://www.youtube.com/watch?v=tXORQ0QV29Q,3.45
Selena Gomez & The Scene - Naturally (Karaoke Version),https://www.youtube.com/watch?v=RpNlk3k0b0Q,3.5
Ellie Goulding - Army (Karaoke Version),https://www.youtube.com/watch?v=PFz-skg72zc,4.5
Sara Kays - Remember That Night? (Karaoke Version),https://www.youtube.com/watch?v=4KUoIbvtqjA,3.95
Juice WRLD - Armed & Dangerous (Karaoke Version),https://www.youtube.com/watch?v=oljV6CWOEUQ,3.3
Zombies 2 - We Got This (Karaoke Version),https://www.youtube.com/watch?v=mbPB3rs9_TE,3.57
Tove Lo - Cool Girl (Karaoke Version),https://www.youtube.com/watch?v=YenRFrfLCBQ,3.88
"Megan Thee Stallion - Hot Girl Summer (Karaoke Version) ft. Nicki Minaj, Ty Dolla $ign",https://www.youtube.com/watch?v=C05frvnB8m4,3.7
Charlene - I've Never Been To Me (Karaoke Version),https://www.youtube.com/watch?v=c-7tN-dtzIM,4.28
Dua Lipa - Hotter Than Hell (Karaoke Version),https://www.youtube.com/watch?v=qppiSoVLK8M,3.55
5 Seconds Of Summer - Easier (Karaoke Version),https://www.youtube.com/watch?v=QHnY2RlUDAc,3.03
Kelsea Ballerini - homecoming queen? (Karaoke Version),https://www.youtube.com/watch?v=6aB6kkOOsDs,3.17
Juice WRLD - Righteous (Karaoke Version),https://www.youtube.com/watch?v=TnAY41wAYNk,3.95
OneRepublic - Kids (Karaoke Version),https://www.youtube.com/watch?v=AEbkkRn8i-Y,4.33
Ariana Grande - fake smile (Karaoke Version),https://www.youtube.com/watch?v=nveMe31V9TQ,3.88
Nicki Minaj ft. Ariana Grande - Bed (Karaoke Version),https://www.youtube.com/watch?v=Jm4skE4VNh4,3.58
The Crystals - Santa Claus Is Comin' To Town (Karaoke Version),https://www.youtube.com/watch?v=1_gLpOJWHC0,3.57
Sabrina Carpenter - Shadows (Karaoke Version),https://www.youtube.com/watch?v=PYiY74QERJA,3.4
Freya Ridings - Castles (Karaoke Version),https://www.youtube.com/watch?v=eC--YZUafss,3.73
Naomi Scott - Speechless (Piano Version),https://www.youtube.com/watch?v=QdSsCcRFfw8,3.57
"Lauv, Troye Sivan - i'm so tired... (Karaoke Version)",https://www.youtube.com/watch?v=fuJi7FoGSio,3.07
Justin Bieber - Catching Feelings (Karaoke Version),https://www.youtube.com/watch?v=1saC8_UNvyw,4.37
Ben Haenow - Something I Need (Karaoke Version),https://www.youtube.com/watch?v=jv4tOx4btE8,4.1
Ariana Grande and Victoria Monét  - MONOPOLY (Karaoke Version),https://www.youtube.com/watch?v=2Mj3n7e2_7E,3.02
Gabbie Hanna - Monster (Karaoke Version),https://www.youtube.com/watch?v=1aE6_R10zJA,3.18
Anne Murray - I Just Fall In Love Again (Karaoke Version),https://www.youtube.com/watch?v=Mex3q9dMI-s,2.9
We The Kingdom - Holy Water (Karaoke Version),https://www.youtube.com/watch?v=rdpRwSRh8g0,4.5
Glee Cast - Teenage Dream (Karaoke Version),https://www.youtube.com/watch?v=5_iMzBnR3tE,4.08
China Anne McClain - Calling All The Monsters (Karaoke Version),https://www.youtube.com/watch?v=K7y0oTROSJM,3.92
RaeLynn - Queens Don't (Karaoke Version),https://www.youtube.com/watch?v=8udZiDjxua0,3.37
Tinashe ft. SchoolBoy Q - 2 On (Karaoke Version),https://www.youtube.com/watch?v=Rizd4rFR6z0,4.12
Camp Rock - Too Cool (Karaoke Version),https://www.youtube.com/watch?v=PubMRNXqUD8,3.28
Fifth Harmony - Don't Say You Love Me (Karaoke Version),https://www.youtube.com/watch?v=Wd87finzlo0,3.47
Ariana Grande - in my head (Karaoke Version),https://www.youtube.com/watch?v=RgIqSc_orts,3.72
Tate McRae - chaotic (Karaoke Version),https://www.youtube.com/watch?v=Zz0gmnFSkLo,3.17
Miley Cyrus - Flowers (Piano Karaoke),https://www.youtube.com/watch?v=mBTg_mSuFSE,3.67
Taylor Swift  - False God (Karaoke Version),https://www.youtube.com/watch?v=gyEwq68GCIM,3.6
Machine Gun Kelly ft. blackbear - my ex's best friend (Karaoke Version),https://www.youtube.com/watch?v=R2NyRaSoC8U,2.77
Frances Forever - Space Girl (Karaoke Version),https://www.youtube.com/watch?v=R-JgdkBHlZo,4.25
Madison Beer - Unbreakable (Karaoke Version),https://www.youtube.com/watch?v=HemnO1qL1xA,3.93
Charlie Puth - Attention (Piano Version),https://www.youtube.com/watch?v=Zoa3xOECvqI,3.63
Tiësto - Red Lights (Karaoke Version),https://www.youtube.com/watch?v=483Su5V0wGA,4.12
Billie Eilish - WHEN I WAS OLDER (Karaoke Version),https://www.youtube.com/watch?v=Wc4Twxdk44s,4.65
Billie Eilish - WHEN I WAS OLDER (Karaoke Version),https://www.youtube.com/watch?v=Wc4Twxdk44s,4.65
347aidan - Dancing In My Room (Karaoke Version),https://www.youtube.com/watch?v=MEYOaImcGZk,3.43
Charlie Puth - I Won't Tell A Soul (Karaoke Version),https://www.youtube.com/watch?v=KAlO0CHZkAo,3.8
Anne-Marie - BIRTHDAY (Karaoke Version),https://www.youtube.com/watch?v=MzWPiG8l1VU,3.4
Fetty Wap - Again (Karaoke Version),https://www.youtube.com/watch?v=Xf01s-uyIU4,5.72
Imagine Dragons - I Bet My Life (Karaoke Version),https://www.youtube.com/watch?v=CSB0qayOf00,3.53
Meghan Trainor - No Excuses (Karaoke Version),https://www.youtube.com/watch?v=6hmzFslVd6U,2.92
The Chainsmokers ft. 5 Seconds Of Summer - Who Do You Love (Karaoke Version),https://www.youtube.com/watch?v=5USk-UoZb74,4.03
Taylor Swift - I Wish You Would (Karaoke Version),https://www.youtube.com/watch?v=kyAxRFUGZek,3.78
"Zedd, Katy Perry - 365 (Karaoke Version)",https://www.youtube.com/watch?v=rYNbmf-z8tg,3.28
The 1975 - A Change Of Heart (Karaoke Version),https://www.youtube.com/watch?v=sgIMKZt0RYk,5.23
Ariana Grande - Snow In California (Karaoke Version),https://www.youtube.com/watch?v=9_XR3VFabtY,4.15
Avicii ft. Robbie Williams - The Days (Karaoke Version),https://www.youtube.com/watch?v=lGCvdDoby2w,4.12
Peach Tree Rascals - Mariposa (Karaoke Version),https://www.youtube.com/watch?v=v69miE-fjaw,3.67
David Guetta and Ne-Yo and Akon - Play Hard (Karaoke Version),https://www.youtube.com/watch?v=Ly9ot1bTEhE,3.8
"Lil Uzi Vert, Oh Wonder ft. Nicki Minaj - The Way Life Goes (Remix) (Karaoke Version)",https://www.youtube.com/watch?v=axVfg9qI0UU,4.77
Trevor Daniel - Past Life (Karaoke Version),https://www.youtube.com/watch?v=7om12uqEO4A,3.47
Ruth B - Golden (Karaoke Version),https://www.youtube.com/watch?v=WtjdN5aE_qk,4.93
Au/Ra - Panic Room (Karaoke Version),https://www.youtube.com/watch?v=Fv1V33y6SUs,4.2
"Juicy J, Wiz Khalifa, Ty Dolla $ign - Shell Shocked (TMNT Theme) (Karaoke Version)",https://www.youtube.com/watch?v=KJf5S46Jv8A,3.7
Gjon's Tears - Tout l'Univers (Karaoke Version),https://www.youtube.com/watch?v=OI61ou01NAM,3.45
Doja Cat ft. Gucci Mane - Like That (Karaoke Version),https://www.youtube.com/watch?v=61Un7YQ5vqI,2.85
Little Mix ft. Saweetie - Confetti (Karaoke Version),https://www.youtube.com/watch?v=ecuXrFTOlAQ,3.43
Avicii ft. Rita Ora - Lonely Together (Karaoke Version),https://www.youtube.com/watch?v=AGdiPC9iKgM,3.42
Ed Sheeran & Justin Bieber - I Don't Care (Piano Version),https://www.youtube.com/watch?v=kaUNP9xhtJ8,4.37
Britney Spears - Perfume (Karaoke Version),https://www.youtube.com/watch?v=vh32e2knTF8,4.32
AJ Mitchell -  I Don't Want You Back (Karaoke Version),https://www.youtube.com/watch?v=7TnXHuETOdQ,3.92
Kelly Clarkson - I Don't Think About You (Karaoke Version),https://www.youtube.com/watch?v=5Dyi8kHw9-k,4.12
Tori Kelly - Unbreakable Smile (Karaoke Version),https://www.youtube.com/watch?v=i86mx3z3Hck,4.17
One Direction - I Want (Karaoke Version),https://www.youtube.com/watch?v=MxmlMePm7fs,3.2
Stellar - Ashes (Karaoke Version),https://www.youtube.com/watch?v=EIyfNOhIQ7s,3.18
Fifth Harmony - Write On Me (Karaoke Version),https://www.youtube.com/watch?v=c0rWoJzdhsQ,4.05
David Guetta ft. Nicki Minaj - Turn Me On (Karaoke Version),https://www.youtube.com/watch?v=RN-9g7OISl4,3.67
Tory Lanez - Luv (Karaoke Version),https://www.youtube.com/watch?v=e5xN1SRF8Zc,4.35
Lady Gaga - Stupid Love (Karaoke Version),https://www.youtube.com/watch?v=MmGmwn09LdU,3.53
Mud - Lonely This Christmas (Karaoke Version),https://www.youtube.com/watch?v=_6obMYlPqf8,4.12
Bebe Rexha - Last Hurrah (Karaoke Version),https://www.youtube.com/watch?v=71yhIc5cz2k,2.82
Lewis Capaldi - Lost On You (Karaoke Version),https://www.youtube.com/watch?v=8v9pFbX0Pfs,3.57
Rihanna - Diamonds (Piano Karaoke),https://www.youtube.com/watch?v=6RdZmSag8Hs,3.65
Taylor Dayne - Tell It To My Heart (Karaoke Version),https://www.youtube.com/watch?v=A3wF9EMTNvM,4.08
"Baby Ariel - The New Kid In Town from ""Zombies 2"" (Karaoke Version)",https://www.youtube.com/watch?v=VaBUu7VEycM,3.73
Lena - Satellite (Karaoke Version),https://www.youtube.com/watch?v=DAlARmMKgvs,3.3
"Oliver Tree, Robin Schulz - Miss You (Karaoke Version)",https://www.youtube.com/watch?v=h6HX9kqEj2k,3.37
Jonas Blue ft. RAYE - By Your Side (Karaoke Version),https://www.youtube.com/watch?v=rcarTN2aHYU,3.73
Selena Gomez - Look At Her Now (Karaoke Version),https://www.youtube.com/watch?v=rnbQoVsiu2g,3.13
"Zedd, Kesha - True Colors (Karaoke Version)",https://www.youtube.com/watch?v=uBRuA20sX_s,4.3
Lady Gaga - Joanne (Piano Version) (Karaoke Version),https://www.youtube.com/watch?v=Oa3h2JV3ZEM,5.12
Camila Cabello - Easy (Karaoke Version),https://www.youtube.com/watch?v=qsazv1M6-6I,3.68
HSMTMTS - Breaking Free (Karaoke Version),https://www.youtube.com/watch?v=GVtyZlmWMGc,2.97
"Ellie Goulding, Diplo, Swae Lee - Close To Me (Karaoke Version)",https://www.youtube.com/watch?v=yAxabkR8-9s,3.27
Joey Graceffa - Don't Wait (Karaoke Version),https://www.youtube.com/watch?v=WpBqBOsYGNc,3.72
Oh Wonder - Lose It (Karaoke Version),https://www.youtube.com/watch?v=x6d5SPKrn60,4.27
Kendrick Lamar - ELEMENT. (Karaoke Version),https://www.youtube.com/watch?v=jHvv2cnXBu4,3.68
"Bad Bunny, Drake - Mia (Karaoke Version)",https://www.youtube.com/watch?v=r_7Zt4SrB34,3.68
Jidenna ft. Roman GianArthur - Classic Man (Karaoke Version),https://www.youtube.com/watch?v=VXv9TQSblJk,4.28
Little Mix ft. Ty Dolla $ign - Think About Us (Karaoke Version),https://www.youtube.com/watch?v=HIGAhperWjc,4.13
Ramz - Barking (Karaoke Version),https://www.youtube.com/watch?v=4YsCpXeyqnU,3.35
Juice WRLD ft. Lil Uzi Vert - Wasted (Karaoke Version),https://www.youtube.com/watch?v=EWIDQSEus5k,4.65
Jhené Aiko ft. Rae Sremmurd - Sativa (Karaoke Version),https://www.youtube.com/watch?v=6xT5f8UIryc,5.42
Lauren Spencer-Smith - Narcissist (Karaoke Version),https://www.youtube.com/watch?v=RwvpGhUffKU,3.13
Blue Öyster Cult - (Don't Fear) The Reaper (Karaoke Version),https://www.youtube.com/watch?v=vLwboi5VkMU,5.13
Mimi Webb - Good Without (Karaoke Version),https://www.youtube.com/watch?v=FxFFSZxbDPQ,3.4
Cartoons - Witch Doctor (Ooh Eeh Ooh Ah Aah Ting Tang Walla Walla Bing Bang) (Karaoke Version),https://www.youtube.com/watch?v=YKHzMvXdDM8,3.43
"ZAYN, Zhavia Ward - A Whole New World (Piano Version)",https://www.youtube.com/watch?v=Ujm3LnNqVvE,4.15
dodie -  Human (Karaoke Version),https://www.youtube.com/watch?v=RWhh72skBKk,3.45
Jason Derulo - The Other Side (Karaoke Version),https://www.youtube.com/watch?v=w_Bp1T32EUk,4.07
Madison Beer - Dear Society (Karaoke Version),https://www.youtube.com/watch?v=C07BcreJMsY,3.23
Vedo - You Got It (Karaoke Version),https://www.youtube.com/watch?v=JhYhNNW3pSI,3.63
ZAYN - BeFoUr (Karaoke Version),https://www.youtube.com/watch?v=QBrDvR0EE1E,4.13
"Billie Eilish, ROSALÍA - Lo Vas A Olvidar (Karaoke Version)",https://www.youtube.com/watch?v=o50EWLhATXM,3.68
Jermaine Stewart - We Don't Have To Take Our Clothes Off (Karaoke Version),https://www.youtube.com/watch?v=qPod0NSNSB8,4.6
Rita Ora - Poison (Karaoke Version),https://www.youtube.com/watch?v=ILIY1Fvh-Qw,3.8
One Direction - Clouds (Karaoke Version),https://www.youtube.com/watch?v=bRSQsgPzU4g,4.22
Katy Perry - Daisies (Karaoke Version),https://www.youtube.com/watch?v=d6UJJcoMaYA,3.25
Backstreet Boys - Don't Go Breaking My Heart (Karaoke Version),https://www.youtube.com/watch?v=E9xYFGAN3Mk,3.98
"Billie Eilish, Vince Staples - &burn (Karaoke Version)",https://www.youtube.com/watch?v=zyn8ft1jBT4,3.28
Tinie Tempah ft. Zara Larsson - Girls Like (Karaoke Version),https://www.youtube.com/watch?v=zfKgUKBnWmw,3.82
Coi Leray - Players (Karaoke Version),https://www.youtube.com/watch?v=3hQtdpZjuwE,2.53
5 Seconds Of Summer - What I Like About You (Karaoke Version),https://www.youtube.com/watch?v=FOi-1F4jg5o,2.85
Luke Bryan - Knockin' Boots (Karaoke Version),https://www.youtube.com/watch?v=-HgxYnvguFw,3.77
carolesdaughter - Violent (Karaoke Version),https://www.youtube.com/watch?v=8TBn8iRl9vQ,2.85
The 1975 - Fallingforyou (Karaoke Version),https://www.youtube.com/watch?v=mRhsBemoqAc,4.37
Disclosure ft. Sam Smith - Omen (Karaoke Version),https://www.youtube.com/watch?v=_JmfQjsT13c,4.45
Sophia Grace - Best Friends (Karaoke Version),https://www.youtube.com/watch?v=3xi_rU1lshU,4.63
Sia - You're Never Fully Dressed Without A Smile (Karaoke Version),https://www.youtube.com/watch?v=oq5cBDKnzkw,3.67
Ella Eyre - If I Go (Karaoke Version),https://www.youtube.com/watch?v=7mQS9bI1640,3.32
"$uicideBoy$ - ...And To Those I Love, Thanks For Sticking Around (Karaoke Version)",https://www.youtube.com/watch?v=ceu-tt3cZ3k,2.98
The Common Linnets - Calm After The Storm (Karaoke Version),https://www.youtube.com/watch?v=NK7Prd-tJUk,3.43
Panic! At The Disco - Girls / Girls / Boys (Karaoke Version),https://www.youtube.com/watch?v=kXaKroziqzM,3.72
Pink - Blow Me (One Last Kiss) (Karaoke Version),https://www.youtube.com/watch?v=HiNNU1yNmZ0,4.63
Harry Styles - As It Was (Piano Version),https://www.youtube.com/watch?v=seGYMjQsblo,3.22
Machine Gun Kelly - Bloody Valentine (Karaoke Version),https://www.youtube.com/watch?v=vEnPGNNgdLg,3.85
Imagine Dragons - Zero (Karaoke Version),https://www.youtube.com/watch?v=aZ0aqG_8X7Q,3.67
Miley Cyrus - Plastic Hearts (Karaoke Version),https://www.youtube.com/watch?v=YCg18GGi6_I,3.82
Cashmere Cat ft. Ariana Grande - Adore (Karaoke Version),https://www.youtube.com/watch?v=7O0aHoVMVMI,3.87
"Cheat Codes, Little Mix - Only You (Karaoke Version)",https://www.youtube.com/watch?v=obHaUU2ARsA,3.33
Will.I.Am and Justin Bieber - #thatPOWER (Karaoke Version),https://www.youtube.com/watch?v=ThDF47voqJs,4.92
Leah McFall - I Will Survive (Karaoke Version),https://www.youtube.com/watch?v=4_EQ0rs6Vqg,2.62
Sam Smith - Too Good At Goodbyes (Piano Version),https://www.youtube.com/watch?v=D7_8HFYctas,4.15
Before You Exit - Clouds (Karaoke Version),https://www.youtube.com/watch?v=_eZnrqEK2Ys,4.87
Clara Mae - I'm Not Her (Karaoke Version),https://www.youtube.com/watch?v=l5BNEZQAC_E,3.47
Conan Gray - Lookalike (Karaoke Version),https://www.youtube.com/watch?v=fzXwb0VBmrs,3.98
Rossa - Hati Yang Kau Sakiti (Karaoke Version),https://www.youtube.com/watch?v=bSy0RaSPjw4,4.12
Drake - Trophies (Karaoke Version),https://www.youtube.com/watch?v=b9YPBnVx3B0,3.57
Cliff Richard - Congratulations (Karaoke Version),https://www.youtube.com/watch?v=oYiagyqqWrI,2.88
MAX ft. gnash - Lights Down Low (Karaoke Version),https://www.youtube.com/watch?v=DLjXt0c01Ng,4
Ariana Grande - Sweetener (Karaoke Version),https://www.youtube.com/watch?v=mc7cOWlwnEY,3.72
Ariana Grande - better off (Karaoke Version),https://www.youtube.com/watch?v=XFcBx-m_OR8,3.08
Sia - Chandelier (Piano Karaoke),https://www.youtube.com/watch?v=qUP5mDujZrE,4.25
Tate McRae -  you broke me first (Piano Karaoke),https://www.youtube.com/watch?v=EKG1iDJJuok,3.08
Tiësto & Dzeko ft. Preme & Post Malone - Jackie Chan (Karaoke Version),https://www.youtube.com/watch?v=ou--0XxxPdU,3.87
Sabrina Carpenter - Almost Love (Karaoke Version),https://www.youtube.com/watch?v=0Vvf0X7YYE0,3.88
Hailee Steinfeld - Wrong Direction (Karaoke Version),https://www.youtube.com/watch?v=mib93OpvqY0,4.35
twenty one pilots - Level Of Concern (Karaoke Version),https://www.youtube.com/watch?v=p9ms_vG6e6I,3.83
Cher Lloyd - Swagger Jagger (Karaoke Version),https://www.youtube.com/watch?v=6-cSmlY1t60,3.67
Louis Tomlinson - Just Like You (Karaoke Version),https://www.youtube.com/watch?v=6O0RRnCTzhY,3.62
Ed Sheeran - Nina (Karaoke Version),https://www.youtube.com/watch?v=7T3FkcLgTzU,4.05
Shawn Mendes ft. Khalid - Youth (Karaoke Version),https://www.youtube.com/watch?v=IrFEjSQ0EcM,3.35
Alex Aiono - Work The Middle (Karaoke Version),https://www.youtube.com/watch?v=LbLgwcdPhkg,3.97
Jacob Sartorius - All My Friends (Karaoke Version),https://www.youtube.com/watch?v=TM8aw1fr4RI,3.87
Blake Shelton with Gwen Stefani - Nobody But You (Karaoke Version),https://www.youtube.com/watch?v=GCkSxPy-1tE,3.52
Grouplove - Tongue Tied (Karaoke Version),https://www.youtube.com/watch?v=uQQntp2Jam8,3.98
Anson Seabra - Walked Through Hell (Karaoke Version),https://www.youtube.com/watch?v=_XCshM3W9eA,3.97
Sia - I'm Still Here (Karaoke Version),https://www.youtube.com/watch?v=7rWHtN2sdIg,4.25
"ZAYN, PARTYNEXTDOOR - Still Got Time (Karaoke Version)",https://www.youtube.com/watch?v=zFuryVNrq0M,3.47
Austin Mahone - Dirty Work (Karaoke Version),https://www.youtube.com/watch?v=O2vhF-rARYc,3.4
The 1975 - Sincerity Is Scary (Karaoke Version),https://www.youtube.com/watch?v=yAhsPDvn3uI,3.8
TINI - Got Me Started (Karaoke Version),https://www.youtube.com/watch?v=ySmyrl1jLgE,3.88
Louisa Johnson - So Good (Karaoke Version),https://www.youtube.com/watch?v=GsqF3WroG-Q,3.75
Ella Henderson - Glow (Karaoke Version),https://www.youtube.com/watch?v=6cjnk0r_63k,4.22
"benny blanco, Juice WRLD  - Graduation (Karaoke Version)",https://www.youtube.com/watch?v=w2WB9X4H3sk,3.03
Lucy Spraggan - Last Night (Beer Fear) (Karaoke Version),https://www.youtube.com/watch?v=fNOywuJ_5KI,2.48
"Ariana Grande, The Weeknd - off the table (Karaoke Version)",https://www.youtube.com/watch?v=Otk-R5ZzsTE,4.22
Iggy Azalea ft. MO - Beg For It (Karaoke Version),https://www.youtube.com/watch?v=WDOjTDQPOTA,3.28
The Chainsmokers - The One (Karaoke Version),https://www.youtube.com/watch?v=zpXSTPUdrgc,3.35
Why Don't We & Macklemore -  I Don't Belong In This Club (Karaoke Version),https://www.youtube.com/watch?v=qV-JFrzrzws,4.07
twenty one pilots - Jumpsuit (Karaoke Version),https://www.youtube.com/watch?v=_5EtmQh5K1k,4.23
5 Seconds Of Summer - Hey Everybody! (Karaoke Version),https://www.youtube.com/watch?v=xcfNqmchwdE,3.8
Kygo ft. OneRepublic - Stranger Things (Karaoke Version),https://www.youtube.com/watch?v=XRn8IBDAnkc,3.88
Logan Paul - Outta My Hair (Karaoke Version),https://www.youtube.com/watch?v=4ayExqUfOhU,3.07
Olly Murs ft. Travie McCoy - Wrapped Up (Karaoke Version),https://www.youtube.com/watch?v=vBm8NMIxjWY,3.52
Cher Lloyd and T.I. - I Wish (Karaoke Version),https://www.youtube.com/watch?v=_A-zr1NqOKs,3.8
Years & Years ft. Tove Lo - Desire (Karaoke Version),https://www.youtube.com/watch?v=rMHGzmw3fSc,4.07
Fifth Harmony ft. Fetty Wap - All In My Head (Flex) (Karaoke Version),https://www.youtube.com/watch?v=JExZop1aqPU,3.93
Iggy Azalea and T.I. - Change Your Life (Karaoke Version),https://www.youtube.com/watch?v=u2zxuW5nN5E,4.07
Joji - TEST DRIVE (Karaoke Version),https://www.youtube.com/watch?v=Kcw4iJe90JY,3.23
Dan + Shay - I Should Probably Go To Bed (Karaoke Version),https://www.youtube.com/watch?v=4sRdfZMYU-M,3.45
Michele Morrone - Hard For Me (Karaoke Version),https://www.youtube.com/watch?v=76qpwPuaqIY,3.2
Diplo ft. Morgan Wallen - Heartless (Karaoke Version),https://www.youtube.com/watch?v=T9AWDVVad00,3.17
Galantis - Peanut Butter Jelly (Karaoke Version),https://www.youtube.com/watch?v=TPVnV0q_Gm8,3.92
Lucy Spraggan - Tea and Toast (Karaoke Version),https://www.youtube.com/watch?v=vejuDZqIwKg,4.95
Selena Gomez - Me And My Girls (Karaoke Version),https://www.youtube.com/watch?v=ERt4OQCSuhg,4.08
Marshmello & Logic - EVERYDAY (Karaoke Version),https://www.youtube.com/watch?v=h1kScjF479Q,3.77
Maggie Rogers - Light On (Karaoke Version),https://www.youtube.com/watch?v=x26kByG_Tf8,4.18
Mike Posner - Please Don't Go (Karaoke Version),https://www.youtube.com/watch?v=XAp5mbiWfpE,3.72
"Becky G, Myke Towers - DOLLAR (Karaoke Version)",https://www.youtube.com/watch?v=Ls48orWTp3k,3.68
Regina Spektor - You've Got Time (Karaoke Version) (OITNB Theme),https://www.youtube.com/watch?v=7e0P-3OC5jM,3.4
Jonas Brothers - Cool (Karaoke Version),https://www.youtube.com/watch?v=9hguoJLNobQ,3.23
The Kid LAROI - So Done (Karaoke Version),https://www.youtube.com/watch?v=WVQkxIzlKWo,2.48
Rixton - Hotel Ceiling (Karaoke Version),https://www.youtube.com/watch?v=qoAsOuG4nW4,3.48
Iggy Azalea - Bounce (Karaoke Version),https://www.youtube.com/watch?v=Z5la7qf4EbI,2.93
Dua Lipa - Hallucinate (Karaoke Version),https://www.youtube.com/watch?v=NorEzapRCiQ,3.85
Disclosure ft. Lorde - Magnets (Karaoke Version),https://www.youtube.com/watch?v=ejYXswDqghM,3.85
Neck Deep - In Bloom (Karaoke Version),https://www.youtube.com/watch?v=6YBWfoORoIs,4.07
Becky G - Break A Sweat (Karaoke Version),https://www.youtube.com/watch?v=BfxdKqJyPhc,4
Alicia Keys and Kendrick Lamar - It's On Again (Karaoke Version) from 'The Amazing Spider-Man 2',https://www.youtube.com/watch?v=LOtANEwl_74,4.2
Breland - My Truck (Karaoke Version),https://www.youtube.com/watch?v=zSPwK2EFp0M,3.07
Lil Baby & Gunna - Drip Too Hard (Karaoke Version),https://www.youtube.com/watch?v=6ZrpPTXTL04,2.63
Kendrick Lamar - i (Karaoke Version),https://www.youtube.com/watch?v=nL9fXL1K2X8,4.3
Katy Perry - Waking Up In Vegas (Karaoke Version),https://www.youtube.com/watch?v=eDUiYL6Mr54,3.63
Camila Cabello - Living Proof (Karaoke Version),https://www.youtube.com/watch?v=nlKHe2Ts0lY,3.58
Nick Jonas - Levels (Karaoke Version),https://www.youtube.com/watch?v=7kKPkJQ9yc0,3.3
Armin Van Buuren - This Is What It Feels Like (Karaoke Version),https://www.youtube.com/watch?v=pRWW6FENG7o,3.73
NLE Choppa ft. Roddy Ricch - Walk 'Em Down (Karaoke Version),https://www.youtube.com/watch?v=eIKo7dooxe0,3.15
Martin Garrix ft.  Bonn - High On Life (Karaoke Version),https://www.youtube.com/watch?v=U399h9BI06g,4.03
Kelly Clarkson - People Like Us (Karaoke Version),https://www.youtube.com/watch?v=e-ChngqFCe0,4.68
Troye Sivan ft. Betty Who - HEAVEN (Karaoke Version),https://www.youtube.com/watch?v=xCaT4RuOrJY,4.57
Ariana Grande - bad idea (Karaoke Version),https://www.youtube.com/watch?v=aw-agjuoyVg,3.47
Ed Sheeran - Eraser (Karaoke Version),https://www.youtube.com/watch?v=0yd_pp02_oY,4.13
Lady Gaga - Marry The Night (Karaoke Version),https://www.youtube.com/watch?v=e4la2-TxoPQ,4.83
Freddie Mercury - Time Waits For No One (Karaoke Version),https://www.youtube.com/watch?v=Obsplk2Oxzc,3.53
Laura Marano - Boombox (Karaoke Version),https://www.youtube.com/watch?v=IesptmydsYA,3.77
Olivia Rodrigo - traitor (Piano Karaoke),https://www.youtube.com/watch?v=M-i3C_6Nkyk,3.87
Juice WRLD & The Weeknd - Smile (Karaoke Version),https://www.youtube.com/watch?v=4Ijt0bN9xYA,3.33
Taylor Swift - Soon You'll Get Better (Karaoke Version) feat. Dixie Chicks,https://www.youtube.com/watch?v=x8OawWigxBI,3.63
INNA - Gimme Gimme (Karaoke Version),https://www.youtube.com/watch?v=KbnFlfRT4gE,3.3
Little Mix - Break Up Song (Karaoke Version),https://www.youtube.com/watch?v=S9eBE1VsISY,3.75
peter kuli & jedwill - ok boomer (Karaoke Version),https://www.youtube.com/watch?v=RMmwZIJ3uqk,2.7
Charlie Puth -That's Hilarious (Karaoke Version),https://www.youtube.com/watch?v=RDSruwjK6GM,2.58
Nicole Scherzinger - Your Love (Karaoke Version),https://www.youtube.com/watch?v=2jcPA9-BNmQ,4.38
Gesaffelstein & The Weeknd -  Lost In The Fire (Karaoke Version),https://www.youtube.com/watch?v=SHQBizSKGTE,3.47
"The Chainsmokers, Bebe Rexha - Call You Mine (Karaoke Version)",https://www.youtube.com/watch?v=jiipJz78VD8,3.92
Jonas Brothers - What A Man Gotta Do (Karaoke Version),https://www.youtube.com/watch?v=fL7qK5ynYGg,3.57
Drake ft. Rick Ross - Money In The Grave (Karaoke Version),https://www.youtube.com/watch?v=6b1IqNSWdRY,3.3
Hey Violet - Guys My Age (Karaoke Version),https://www.youtube.com/watch?v=epU0ayO75kc,3.8
24kGoldn - CITY OF ANGELS (Karaoke Version),https://www.youtube.com/watch?v=57dMSFH0KMw,2.25
Tones and I - Never Seen The Rain (Karaoke Version),https://www.youtube.com/watch?v=0n2XhLPbPMQ,3.77
Ariana Grande - ghostin (Piano Version),https://www.youtube.com/watch?v=XFYP1c1eVKc,4.5
Lana Del Rey - Did you know that there's a tunnel under Ocean Blvd (Karaoke Version),https://www.youtube.com/watch?v=tGU01G3OVaw,4.72
Troye Sivan - for him. (Karaoke Version),https://www.youtube.com/watch?v=7NspcLdV4xM,3.87
Kacey Musgraves - All Is Found (Karaoke Version),https://www.youtube.com/watch?v=zIKtbGu4tHU,3.37
Natti Natasha - Me Gusta (Karaoke Version),https://www.youtube.com/watch?v=-uGM1toblIE,3.45
Sigala ft. Paloma Faith - Lullaby (Karaoke Version),https://www.youtube.com/watch?v=cZAarc9NRxA,3.7
Camila Cabello - I'll Be Home For Christmas (Karaoke Version),https://www.youtube.com/watch?v=1VRycH5ZoVs,3.23
East 17 - Stay Another Day (Karaoke Version),https://www.youtube.com/watch?v=LnsPMGGcCPk,5.12
Julia Michaels - Worst In Me (Karaoke Version),https://www.youtube.com/watch?v=qF0yc2Ko35I,3.78
Britney Spears - Work B***h (Karaoke Version),https://www.youtube.com/watch?v=qLkddAcYk_o,4.45
Tate McRae - Stupid (Karaoke Version),https://www.youtube.com/watch?v=JafD6bxiXz8,3.1
Fifth Harmony ft. Gucci Mane - Down (Karaoke Version),https://www.youtube.com/watch?v=QOYHjSK7D2Q,3.07
Maroon 5 - She Will Be Loved (Piano Karaoke),https://www.youtube.com/watch?v=zu10xadVaWM,5.72
Maroon 5 - This Summer's Gonna Hurt Like A Motherf****r (Karaoke Version),https://www.youtube.com/watch?v=cmqlDASPG_w,4.25
Lana Del Rey - Honeymoon (Karaoke Version),https://www.youtube.com/watch?v=Q3WYYXb4IpE,6.13
Mustard with Roddy Ricch - Ballin' (Karaoke Version),https://www.youtube.com/watch?v=FGJ09zozTYM,3.23
"Olivia Rodrigo, Matt Cornett - What I've Been Looking For (Karaoke Version)",https://www.youtube.com/watch?v=OAtXbf1nGjs,2.48
"benny blanco, Tainy, Selena Gomez, J Balvin - I Can't Get Enough (Karaoke Version)",https://www.youtube.com/watch?v=jrwl2MNeEbw,3.03
Carly Rae Jepsen - Run Away With Me (Karaoke Version),https://www.youtube.com/watch?v=AOp9-5lHL8o,4.75
Selena Gomez - Slow Down (Karaoke Version),https://www.youtube.com/watch?v=IW-SvUNv1Xg,3.88
Nelly Furtado - Try (Karaoke Version),https://www.youtube.com/watch?v=Bx1nxiMV5Zc,4.38
Rudimental and Ella Eyre - Waiting All Night (Karaoke Version),https://www.youtube.com/watch?v=QbpxigTbPaw,4.85
Glee - Singing In The Rain/Umbrella (Karaoke Version),https://www.youtube.com/watch?v=eHNM7ebjcqI,3.35
T.I. and Iggy Azalea - No Mediocre (Karaoke Version),https://www.youtube.com/watch?v=ABBGBCGKDm4,3.72
Why Don't We - BIG PLANS (Karaoke Version),https://www.youtube.com/watch?v=IL1eJdDub9w,3.23
Lea Michele - Cannonball (Karaoke Version),https://www.youtube.com/watch?v=0_I0dpYtZ6Q,3.97
Lulu - Boom Bang a Bang (Karaoke Version),https://www.youtube.com/watch?v=hgVFupOREhY,2.73
LANY - I Don't Wanna Love You Anymore (Karaoke Version),https://www.youtube.com/watch?v=Klx1VeZFa5g,3.63
Rita Ora and Tinie Tempah - R.I.P. (Karaoke Version),https://www.youtube.com/watch?v=I2rvzgyMDPI,3.98
Camp Rock - Who Will I Be (Karaoke Version),https://www.youtube.com/watch?v=P6tMjbZ9jfs,3.57
"BLANCO, Mahmood - Brividi (Karaoke Version)",https://www.youtube.com/watch?v=dKLATJG_ZoE,3.7
KYLE ft. Kehlani - Playinwitme (Karaoke Version),https://www.youtube.com/watch?v=3Ae57OHI4Gs,3.42
Normani - Motivation (Karaoke Version),https://www.youtube.com/watch?v=UYqChykmbb0,3.57
Neon Jungle - Braveheart (Karaoke Version),https://www.youtube.com/watch?v=ORc-j7Kxvr8,4.07
Katy Perry - Not Like The Movies (Karaoke Version),https://www.youtube.com/watch?v=5jFHyzQA7yY,4.23
Madison Beer - Fools (Karaoke Version),https://www.youtube.com/watch?v=EhLHj9BG5Ik,3.98
The Girl And The Dreamcatcher - Written In The Stars (Karaoke Version),https://www.youtube.com/watch?v=SJSzWWyoRKI,3.72
Melanie Martinez - The Bakery (Karaoke Version),https://www.youtube.com/watch?v=dSfkj7JZvfw,3.03
"The Vamps, Martin Jensen - Middle Of The Night (Karaoke Version)",https://www.youtube.com/watch?v=0k9ptdxishw,3.25
Taylor Swift -  I Think He Knows (Karaoke Version),https://www.youtube.com/watch?v=KAX2wJjOYY0,3.37
Cian Ducrot - All For You (Karaoke Version),https://www.youtube.com/watch?v=qvYMJol__LA,3.83
Zara Larsson ft. Ty Dolla $ign - So Good (Karaoke Version),https://www.youtube.com/watch?v=oD3-0bH6Sfw,3.27
Maroon 5 - Love Somebody (Karaoke Version),https://www.youtube.com/watch?v=NT9Am-a8Nsw,4.17
Little Mix - Holiday (Karaoke Version),https://www.youtube.com/watch?v=dq4snYpo1Ic,3.82
Paramore - Told You So (Karaoke Version),https://www.youtube.com/watch?v=jT7N-6Creso,3.43
Joshua Bassett - When There Was Me And You (Karaoke Version),https://www.youtube.com/watch?v=J6jCor0h8v0,2.02
Charlie Puth - BOY (Karaoke Version),https://www.youtube.com/watch?v=tlnjFe88etw,4.77
Lisa Stansfield - All Around the World (Karaoke Version),https://www.youtube.com/watch?v=fEEfCIGXMeA,4.77
"Jeremy Zucker - always, i'll care (Karaoke Version)",https://www.youtube.com/watch?v=XjBKOyI-lOY,2.68
Cheryl Cole and Tinie Tempah - Crazy Stupid Love (Karaoke Version),https://www.youtube.com/watch?v=Df0E9H2PUCA,4.27
Alessia Cara - Growing Pains (Karaoke Version),https://www.youtube.com/watch?v=wSAxXKkvCTc,3.23
Usher - Scream (Karaoke Version),https://www.youtube.com/watch?v=v1u9cPBBiKI,4.27
George Michael - Careless Whisper (Piano Karaoke),https://www.youtube.com/watch?v=uL1iJAgsxUY,3.55
Jason Derulo x David Guetta ft. Nicki Minaj - Goodbye (Karaoke Version),https://www.youtube.com/watch?v=kb1SHbvIe-A,3.5
Andy Black - We Don't Have To Dance (Karaoke Version),https://www.youtube.com/watch?v=cvwDrU9tY-w,3.68
"BTS, Zara Larsson - A Brand New Day (Karaoke Version)",https://www.youtube.com/watch?v=k1p3Brnvk3s,3.7
The Girl and The Dreamcatcher - Make You Stay (Karaoke Version),https://www.youtube.com/watch?v=g8ibaw1fOB4,4.1
Kane Brown ft. Lauren Alaina - What Ifs (Karaoke Version),https://www.youtube.com/watch?v=OndurWrYr1Y,3.43
Loud Luxury feat. brando - Body (Karaoke Version),https://www.youtube.com/watch?v=XAozV09dgt0,3.03
Why Don't We - Unbelievable (Karaoke Version),https://www.youtube.com/watch?v=48JZWH3C9Qc,3.47
Taylor Swift - Only The Young (Karaoke Version),https://www.youtube.com/watch?v=--Tiine2TlM,2.88
Demi Lovato - I Love Me (Karaoke Version),https://www.youtube.com/watch?v=3TLmBNUL_cA,3.73
Meridian Dan and Big H and Jme- German Whip (Karaoke Version),https://www.youtube.com/watch?v=_AN2wQ4Bjao,3.28
Taylor Swift - Anti-Hero (Piano Karaoke),https://www.youtube.com/watch?v=PVXB7sXhOaI,3.52
The Vamps - Hurricane (Karaoke Version),https://www.youtube.com/watch?v=HZEIK--lDkc,3.57
Wham! - Club Tropicana (Karaoke Version),https://www.youtube.com/watch?v=wSuc41t_DIk,4.85
Carly Rae Jepsen - Last Christmas (Karaoke Version),https://www.youtube.com/watch?v=aQURjOPL4Xg,4.32
Kacey Musgraves - High Horse (Karaoke Version),https://www.youtube.com/watch?v=l8dPB6D1DV4,3.8
Green Day - Bang Bang (Karaoke Version),https://www.youtube.com/watch?v=eYg8CLABiQo,3.93
Nicki Minaj ft. Ariana Grande - Get On Your Knees (Karaoke Version),https://www.youtube.com/watch?v=rCM6K2qyhKw,4.18
Ella Eyre - Comeback (Karaoke Version),https://www.youtube.com/watch?v=EpAo04PEshQ,3.68
"Mike Posner, Gigamesh - Cooler Than Me - Single Mix (Karaoke Version)",https://www.youtube.com/watch?v=dLuuoykVw54,3.6
Ava Max - Take You To Hell (Karaoke Version),https://www.youtube.com/watch?v=doaBIDVKnA0,3.12
Sabrina Carpenter - Silver Nights (Karaoke Version),https://www.youtube.com/watch?v=X9Tzv0fiZnk,2.78
All Time Low - Time-Bomb (Karaoke Version),https://www.youtube.com/watch?v=LWWpBTaLBf8,4.08
Ed Sheeran ft. Skrillex - Way To Break My Heart (Karaoke Version),https://www.youtube.com/watch?v=hzhh_zpdvvo,3.6
Enrique Iglesias and Pitbull - I'm A Freak (Karaoke Version),https://www.youtube.com/watch?v=-Qh5-CtdqAI,3.97
for KING & COUNTRY - burn the ships (Karaoke Version),https://www.youtube.com/watch?v=Skn2J1m1FKA,3.85
Jess Glynne - All I Am (Karaoke Version),https://www.youtube.com/watch?v=evwTfduaO50,3.88
Lady Antebellum - What If I Never Get Over You (Karaoke Version),https://www.youtube.com/watch?v=JF2GJj_GaKI,3.7
Take That - These Days (Karaoke Version),https://www.youtube.com/watch?v=qW34tGhKCd4,4.37
Lil Nas X - STAR WALKIN' (Karaoke Version),https://www.youtube.com/watch?v=e1E2eo1n2Pk,3.5
Billie Eilish - everything i wanted (Karaoke Piano),https://www.youtube.com/watch?v=kLHjY32FhLs,4.22
Childish Gambino - Feels Like Summer (Karaoke Version),https://www.youtube.com/watch?v=I0Qqf6Pf5L4,5.12
Melissa Manchester - Don't Cry Out Loud (Karaoke Version),https://www.youtube.com/watch?v=NJ--Olbtbls,3.8
The 1975 - Love It If We Made It (Karaoke Version),https://www.youtube.com/watch?v=kRGBd32qIjg,4.53
MAX ft. SUGA - Blueberry Eyes (Karaoke Version),https://www.youtube.com/watch?v=DtNAUhIbHXE,3.13
V (BTS) - Winter Bear (Piano Version),https://www.youtube.com/watch?v=Kya8huDfjcI,2.87
Strawberry Guy - Mrs Magic (Karaoke Version),https://www.youtube.com/watch?v=CS4hB3--47Y,3.75
Kim Dracula - Paparazzi (Karaoke Version),https://www.youtube.com/watch?v=RnABb1rqoe4,3.52
Dan + Shay - Glad You Exist (Karaoke Version),https://www.youtube.com/watch?v=2FCejuVWK5c,2.83
Jxdn - Angels & Demons (Karaoke Version),https://www.youtube.com/watch?v=VmD76frueXw,3.02
"Lauv, Anne Marie - f*ck, i'm lonely (Karaoke Version)",https://www.youtube.com/watch?v=IqqbfCCXG_8,3.57
Calvin Harris & Alesso and Hurts - Under Control (Karaoke Version),https://www.youtube.com/watch?v=RfGCROLwibw,3.82
Rixton - Wait On Me (Karaoke Version),https://www.youtube.com/watch?v=EQ2TjiP6ZcA,4.43
"Lauv, Julia Michaels - There's No Way (Karaoke Version)",https://www.youtube.com/watch?v=3Kfgd1b7fmA,3.23
P!nk - What About Us (Piano Version),https://www.youtube.com/watch?v=Jkg4CUq7gj4,5.17
Sabrina Carpenter - Exhale (Karaoke Version),https://www.youtube.com/watch?v=_TwLBSeIlkM,3.08
Jason Derulo - If It Ain't Love (Karaoke Version),https://www.youtube.com/watch?v=81cN3C6onmk,3.95
Conan Gray - Comfort Crowd (Karaoke Version),https://www.youtube.com/watch?v=wLpoCrUp5n8,3.37
Martin Garrix ft. Usher - Don't Look Down (Karaoke Version),https://www.youtube.com/watch?v=oJpv6OzBvno,3.98
6ix9ine feat. Lil Baby - TIC TOC (Karaoke Version),https://www.youtube.com/watch?v=qW_ROk9oxn8,2.47
One Direction - Change Your Ticket (Karaoke Version),https://www.youtube.com/watch?v=C7eH7W5ASlw,4.78
Halsey - Not Afraid Anymore (Karaoke Version) - from the Fifty Shades Darker Soundtrack,https://www.youtube.com/watch?v=zbdnIlH5zP8,4.17
Rebecca Ferguson - Nothing's Real But Love (Karaoke Version),https://www.youtube.com/watch?v=Ty_Su_hw6nI,3.25
Little Mix - How Ya Doin'? (Karaoke Version),https://www.youtube.com/watch?v=hTE4K0OQ-Ao,3.78
MisterWives - Reflections (Karaoke Version),https://www.youtube.com/watch?v=a5tViY-GsaQ,3.42
The Chainsmokers - Young (Karaoke Version),https://www.youtube.com/watch?v=f8-mGqd2Z6k,4.08
Ed Sheeran ft. 50 Cent & Eminem - Remember The Name (Karaoke Version),https://www.youtube.com/watch?v=gjLQu644Fz8,3.73
Beyoncé and Andre 3000 - Back To Black (Karaoke Version),https://www.youtube.com/watch?v=3fXvkCYp-qc,3.72
The Beatles - Drive My Car (Karaoke Version),https://www.youtube.com/watch?v=9gVibbuOGrU,3.02
Katy Perry - Cozy Little Christmas (Karaoke Version),https://www.youtube.com/watch?v=ezhb6uUMRTc,3.47
Justin Bieber - Christmas Eve (Karaoke Version),https://www.youtube.com/watch?v=Rov1ZlBzJhs,4.25
Shawn Mendes - If I Can't Have You (Piano Version),https://www.youtube.com/watch?v=7Cx45KVpIBo,3.47
Jake Paul - THE JAKE PAULERS SONG (Karaoke Version),https://www.youtube.com/watch?v=1KxWv2WiUIw,2.28
Ed Sheeran - Cross Me feat. Chance The Rapper & PnB Rock (Karaoke Version),https://www.youtube.com/watch?v=BdDEhk3RP3I,3.67
Lily Allen - Hard Out Here (Karaoke Version),https://www.youtube.com/watch?v=EhnEONnS2-M,3.83
Lil Uzi Vert - That Way (Karaoke Version),https://www.youtube.com/watch?v=136MUGbUe60,3.93
The Weeknd ft. Lana Del Rey - Prisoner (Karaoke Version),https://www.youtube.com/watch?v=HMFqge5jiaU,4.43
The 1975 - TOOTIMETOOTIMETOOTIME (Karaoke Version),https://www.youtube.com/watch?v=pO7SYKu8mSw,3.83
Chloe x Halle - Do It (Karaoke Version),https://www.youtube.com/watch?v=p8QyRze_u-8,3.33
Bhad Bhabie feat. Lil Baby - Geek'd (Karaoke Version),https://www.youtube.com/watch?v=0riUTYNEKBs,2.43
Taylor Swift - Lover (Piano Version),https://www.youtube.com/watch?v=u5j2cl8zDUk,4.07
Ed Sheeran - Bibia Be Ye Ye (Karaoke Version),https://www.youtube.com/watch?v=Jd5Rb3BG7zo,2.95
Jonas Blue ft. Joe Jonas - I See Love (Karaoke Version),https://www.youtube.com/watch?v=ecUzyzfs3U4,3.13
Cimorelli - You're Worth It (Karaoke Version),https://www.youtube.com/watch?v=QblwTAiq86c,4.25
Hayd - Changes (Karaoke Version),https://www.youtube.com/watch?v=7IYbYVyMNTc,3.73
Halsey - Clementine (Karaoke Version),https://www.youtube.com/watch?v=iZJ2WnpnUcI,4.18
Julia Michaels - Uh Huh (Karaoke Version),https://www.youtube.com/watch?v=PiyXW0pBcL0,3.27
Maren Morris - Rich (Karaoke Version),https://www.youtube.com/watch?v=3Xc3eLkGWsw,3.78
Joshua Bassett - Lie Lie Lie (Karaoke Version),https://www.youtube.com/watch?v=8DWe7mOOkps,3.3
Britney Spears ft. Tinashe - Slumber Party (Karaoke Version),https://www.youtube.com/watch?v=Kg8UVTUzZL4,3.87
Anne Marie - 2002 (Piano Karaoke),https://www.youtube.com/watch?v=kJl98QLXjxs,3.4
Emeli Sande ft. Naughty Boy - Daddy (Karaoke Version),https://www.youtube.com/watch?v=rz9awqNMlBM,3.45
Juice WRLD - Hear Me Calling (Karaoke Version),https://www.youtube.com/watch?v=7z3HtSSFwf0,3.47
Taylor Swift ft. Brendon Urie - ME! (Piano Version),https://www.youtube.com/watch?v=5CZUSpswwxA,2.82
"Jonas Blue, Liam Payne, Lennon Stella - Polaroid (Karaoke Version)",https://www.youtube.com/watch?v=9XfUZfamK9M,3.52
Mabel - Finders Keepers (Karaoke Version),https://www.youtube.com/watch?v=9OCSivFvkL4,4.72
Liam Payne - Bedroom Floor (Karaoke Version),https://www.youtube.com/watch?v=zwIGwnhZmYw,3.35
Ben Howard - Only Love (Karaoke Version),https://www.youtube.com/watch?v=7216Gq7Gk8o,4.18
Saweetie - Tap In (Karaoke Version),https://www.youtube.com/watch?v=9fRmWBX2Mos,2.63
Clean Bandit and Sharna Bass - Extraordinary (Karaoke Version),https://www.youtube.com/watch?v=3dD3hI6cw18,4.18
"Selena Gomez, Marshmello - Wolves (Piano Version)",https://www.youtube.com/watch?v=hXASS5ZKrKE,3.8
MAX - Gibberish (Karaoke Version),https://www.youtube.com/watch?v=ltaCXPrmSO8,4.03
Shawn Mendes - Where Were You In The Morning? (Karaoke Version),https://www.youtube.com/watch?v=56j3RJOZM3M,3.55
Ryn Weaver - Pierre (Karaoke Version),https://www.youtube.com/watch?v=ArZMnvVUO54,3.78
Tinashe - All Hands On Deck (Karaoke Version),https://www.youtube.com/watch?v=wYDW1JfnA_w,4.15
Flipp Dinero - Leave Me Alone (Karaoke Version),https://www.youtube.com/watch?v=7VsqlrZ94c8,3.47
Jason Derulo - Cheyenne (Karaoke Version),https://www.youtube.com/watch?v=2w1EjRaTNuo,3.68
Kesha - C'mon (Karaoke Version),https://www.youtube.com/watch?v=eFcb5ZbNOWA,3.83
Lauv - Getting Over You (Karaoke Version),https://www.youtube.com/watch?v=pUtYAy1oVuM,4.65
Allie X - Sunflower (Karaoke Version),https://www.youtube.com/watch?v=hG2SP2QC8sw,3.97
Aitana x Lele Pons - TELÉFONO (REMIX) (Karaoke Version),https://www.youtube.com/watch?v=Lud19qb3XBM,2.88
R3HAB x Sofia Carson - Rumors (Karaoke Version),https://www.youtube.com/watch?v=p34WMpAfa6U,2.58
Lil Pump - Designer (Karaoke Version),https://www.youtube.com/watch?v=8UqkODFW-os,2.57
Sabrina Carpenter - Christmas The Whole Year Round (Karaoke Version),https://www.youtube.com/watch?v=yTbB0rBfF7Q,3.63
Ariana Grande - pov (Piano Karaoke),https://www.youtube.com/watch?v=5PXAWruecVI,3.67
Karmin - Hello (Karaoke Version),https://www.youtube.com/watch?v=YSSBHGJJsUM,4.27
Professor Green and Tori Kelly - Lullaby (Karaoke Version),https://www.youtube.com/watch?v=77P-hroYzLE,5.13
Kesha - We R Who We R (Karaoke Version),https://www.youtube.com/watch?v=XAomeDeqN0I,3.92
Charlie Puth - Kiss Me (Karaoke Version),https://www.youtube.com/watch?v=N4WkcAAJQi4,3.93
EYEDRESS - JEALOUS (Karaoke Version),https://www.youtube.com/watch?v=5gxG5KO3jpM,2.43
5 Seconds Of Summer - Girls Talk Boys (Karaoke Version),https://www.youtube.com/watch?v=tpNJSR2jtDc,4.13
Avicii - You Make Me (Karaoke Version),https://www.youtube.com/watch?v=6yh1KrT_zEM,4.08
Robin Schulz & David Guetta & Cheat Codes - Shed A Light (Karaoke Version),https://www.youtube.com/watch?v=HsjYe3NcOm4,3.67
Tate McRae - r u ok (Karaoke Version),https://www.youtube.com/watch?v=BkUGX-5myOM,3.48
Migos & Marshmello - Danger (Karaoke Version),https://www.youtube.com/watch?v=B3bLng2uKAI,3.83
Of Monsters And Men - Mountain Sound (Karaoke Version),https://www.youtube.com/watch?v=UUIQT4zhylo,3.83
"Sam Smith, Demi Lovato - I'm Ready (Karaoke Version)",https://www.youtube.com/watch?v=P_xRlueXsu8,3.68
Pitbull and G. R.L. - Wild Wild Love (Karaoke Version),https://www.youtube.com/watch?v=QW48JauNXww,3.82
Little Mix - Bounce Back (Karaoke Version),https://www.youtube.com/watch?v=5i_6Klkekak,3.05
Pia Mia - Touch (Karaoke Version),https://www.youtube.com/watch?v=slA9cFKEAYg,4.02
DJ Khaled ft. Demi Lovato - I Believe (Karaoke Version),https://www.youtube.com/watch?v=q_UMLX3AWGY,4
Curtis Waters ft. Harm Franklin - Stunnin' (Karaoke Version),https://www.youtube.com/watch?v=bYu5srElLlw,2.73
WONHO - Losing You (Karaoke Version),https://www.youtube.com/watch?v=eeiB3nt7KwQ,3.35
Metro Station - Shake It (Karaoke Version),https://www.youtube.com/watch?v=Uziq2tKy67I,3.42
Jorja Smith - By Any Means (Karaoke Version),https://www.youtube.com/watch?v=Qcr3xGQAtzM,4.15
Hayley Kiyoko - Curious (Karaoke Version),https://www.youtube.com/watch?v=oHKkwyl71pY,3.47
Natalie La Rose ft. Fetty Wap - Around The World (Karaoke Version),https://www.youtube.com/watch?v=DI8TM2fDG2k,3.85
David Guetta ft. Justin Bieber - 2U (Piano Version),https://www.youtube.com/watch?v=OnRkEVVCTpw,3.83
dodie - party tattoos (Karaoke Version),https://www.youtube.com/watch?v=k0QalR34P60,3.83
Tom Odell - Real Love (Karaoke Version),https://www.youtube.com/watch?v=bGEOuQHv6Ic,2.65
Alunageorge - You Know You Like It (Karaoke Version),https://www.youtube.com/watch?v=TCVRimsdsyI,3.78
Alessia Cara - Make It To Christmas (Karaoke Version),https://www.youtube.com/watch?v=fYEKliA02vg,3.82
Lea Michele - Love Is Alive (Karaoke Version),https://www.youtube.com/watch?v=2dvrh6g2K_4,3.93
Kinneret - No Wind Resistance! (Karaoke Version),https://www.youtube.com/watch?v=8MeClO8-stI,3.52
"Noah Cyrus, Gallant - Mad At You (Karaoke Version)",https://www.youtube.com/watch?v=wrecpS2UnFE,4.13
Janelle Monáe - Make Me Feel (Karaoke Version),https://www.youtube.com/watch?v=rMJ1z5wWGSc,3.03
Haim - The Wire (Karaoke Version),https://www.youtube.com/watch?v=1j1ks3ZQrzw,4.47
Camila Cabello - Cry For Me (Karaoke Version),https://www.youtube.com/watch?v=oP1VsNFS5aI,3.48
FINNEAS - What They'll Say About Us (Karaoke Version),https://www.youtube.com/watch?v=BhJYQVplrkI,3.4
Akon - Be With You (Karaoke Version),https://www.youtube.com/watch?v=8ieR8QZLGEw,3.98
Sabrina Carpenter - Paris (Karaoke Version),https://www.youtube.com/watch?v=8QlnpQJ5GNQ,3.9
Dua Lipa - Swan Song (Karaoke Version),https://www.youtube.com/watch?v=Z6X7YdaE8Fc,3.23
Mario Judah - Die Very Rough (Karaoke Version),https://www.youtube.com/watch?v=fFJPfx5GP0Q,1.82
The Wanted - We Own The Night (Karaoke Version),https://www.youtube.com/watch?v=lyeHjTwkI-k,3.93
Dave - Starlight (Karaoke Version),https://www.youtube.com/watch?v=wjOkhfxwEVU,3.87
Selena Gomez - My Mind & Me (Karaoke Version),https://www.youtube.com/watch?v=esNwgzCKEiE,2.57
Maggie Lindemann - Obsessed (Karaoke Version),https://www.youtube.com/watch?v=t-7L_AS5dxI,3.47
Fifth Harmony - He Like That (Karaoke Version),https://www.youtube.com/watch?v=_-g95MtfenQ,3.77
Fall Out Boy - HOLD ME TIGHT OR DON'T (Karaoke Version),https://www.youtube.com/watch?v=a9or0V72vyQ,3.67
David Guetta ft. Anne Marie - Don't Leave Me Alone (Karaoke Version),https://www.youtube.com/watch?v=dl1JLjeAkMk,3.45
GRLwood - I'm Yer Dad (Karaoke Version),https://www.youtube.com/watch?v=aE36jBab8VU,2.62
Sabrina Carpenter - All We Have Is Love (Karaoke Version),https://www.youtube.com/watch?v=B0UCDX9dJ9o,3.4
The Neighbourhood - Sweater Weather (Piano Karaoke),https://www.youtube.com/watch?v=eCZtmGSVKnc,4.13
Madison Beer ft. Jack & Jack - All For Love (Karaoke Version),https://www.youtube.com/watch?v=zUMmlyfJHIk,3.95
Jonas Brothers - I Believe (Karaoke Version),https://www.youtube.com/watch?v=BnC1Y2dwuOk,4
Saweetie - My Type (Karaoke Version),https://www.youtube.com/watch?v=p0lAVav6OnY,2.5
6ix9ine ft. Kanye West & Nicki Minaj - MAMA (Karaoke Version),https://www.youtube.com/watch?v=l53Oe7VmgLc,3.27
Bebe Rexha - Ferrari (Karaoke Version),https://www.youtube.com/watch?v=9F-gGNoVpTc,3.9
Brotherhood Of Man - Save Your Kisses For Me (Karaoke Version),https://www.youtube.com/watch?v=ouF4us2d7lw,3.37
Katy Perry - Never Worn White (Karaoke Version),https://www.youtube.com/watch?v=y-ooXDPfDy0,3.98
Klangkarussell and Will Heard - Sonnentanz (Sun Don't Shine) (Karaoke Version),https://www.youtube.com/watch?v=4mBsRpC1Ajc,3.92
"Sigala ft. Ella Eyre, Meghan Trainor, French Montana - Just Got Paid (Karaoke Version)",https://www.youtube.com/watch?v=vxCU_EToDeE,4.03
Snakehips ft. ZAYN - Cruel (Karaoke Version),https://www.youtube.com/watch?v=bKk9ywsZWps,4.2
JVKE - Upside Down (Karaoke Version),https://www.youtube.com/watch?v=IV4XKzW67uU,2.33
Turning Red - U Know What's Up (Karaoke Version),https://www.youtube.com/watch?v=yDFmqedhZi4,3.3
Matt Cornett - A Billion Sorrys (Karaoke Version),https://www.youtube.com/watch?v=I3pWfsOfTtU,2.2
gnash - imagine if (Karaoke Version),https://www.youtube.com/watch?v=KouUW7pjVKA,3.73
Little Mix - One I've Been Missing (Karaoke Version),https://www.youtube.com/watch?v=ikVcDoy_9UI,3.47
Whitney Houston - I Have Nothing (Piano Karaoke),https://www.youtube.com/watch?v=r7T4zNZ3cTs,4.97
Iggy Azalea - Sally Walker (Karaoke Version),https://www.youtube.com/watch?v=q1D2v5xpgV0,3.3
"Sofia Reyes ft. Rita Ora, Anitta - R.I.P. (Karaoke Version)",https://www.youtube.com/watch?v=MI-h3-Br0LM,3.5
Future & Miley Cyrus and Mr Hudson - Real and True (Karaoke Version),https://www.youtube.com/watch?v=vBd0vSqjkuA,4.47
Biffy Clyro - Many Of Horror (Karaoke Version),https://www.youtube.com/watch?v=T72PR04Nb0s,4.87
Joshua Kadison - Beautiful In My Eyes (Karaoke Version),https://www.youtube.com/watch?v=slUDJ4AV9Rg,4.25
Why Don't We - Don't Change (Karaoke Version),https://www.youtube.com/watch?v=jcqeBw--leM,3.23
"Ariana Grande, Normani, Nicki Minaj - Bad To You (from ""Charlie's Angels"") (Karaoke Version)",https://www.youtube.com/watch?v=NjFqEymOxOs,3.35
Chris Brown - X (Karaoke Version),https://www.youtube.com/watch?v=DV9RYBcnr7s,4.73
Kim Petras - Heart To Break (Karaoke Version),https://www.youtube.com/watch?v=yLiUuKr87cs,4.08
Dua Lipa - Levitating (Piano Karaoke),https://www.youtube.com/watch?v=ivnGkcgRwOI,3.53
John Newman - Come And Get It (Karaoke Version),https://www.youtube.com/watch?v=vGyJHrQhCEA,3.47
The Vamps - Hair Too Long (Karaoke Version),https://www.youtube.com/watch?v=tzN0Yc0ksSo,3.8
Kehlani - Advice (Karaoke Version),https://www.youtube.com/watch?v=K-KthlBioDs,3.75
Cher Lloyd - Human (Karaoke Version),https://www.youtube.com/watch?v=1wWwSJ8tUyE,3.87
Icona Pop - All Night (Karaoke Version),https://www.youtube.com/watch?v=1tYTP-uXPlo,3.43
Lauv - Changes (Karaoke Version),https://www.youtube.com/watch?v=kbCFQrCCdNk,3.15
Tori Kelly - Change Your Mind (Karaoke Version),https://www.youtube.com/watch?v=KOLgMOMvKo0,3.2
Hey Violet - Break My Heart (Karaoke Version),https://www.youtube.com/watch?v=dJgRhxg55fg,3.85
Justin Bieber - Ghost (Piano Karaoke),https://www.youtube.com/watch?v=_y9lTYkcHlM,2.85
Chris Brown ft. Gunna - Heat (Karaoke Version),https://www.youtube.com/watch?v=OqoICpRNg9U,4.1
Adam Lambert ft. Laleh - Welcome To The Show (Karaoke Version),https://www.youtube.com/watch?v=62dT3H0TcEQ,3.88
Ariana Grande - make up (Karaoke Version),https://www.youtube.com/watch?v=vn4yQJGyUfw,2.67
Rachel Platten - Broken Glass (Karaoke Version),https://www.youtube.com/watch?v=AyAW6LzQffA,3.33
Bars and Melody - Shining Star (Karaoke Version),https://www.youtube.com/watch?v=jJ2Wc6oWb2A,4.1
Bhad Bhabie - I Got It (Karaoke Version),https://www.youtube.com/watch?v=CWnOzzcUuqQ,3.22
Rita Ora  - Only Want You (Karaoke Version),https://www.youtube.com/watch?v=jiFRw8RRpw8,3.27
CG5 - Good To Be Alive (Karaoke Version),https://www.youtube.com/watch?v=I5cRXOi1L_o,3.22
Stephen Sanchez - Until I Found You (Piano Karaoke),https://www.youtube.com/watch?v=qSnNWkvocN4,3.18
Gabrielle Aplin - My Mistake (Karaoke Version),https://www.youtube.com/watch?v=i_dKD0ZqBjI,4.65
Jennifer Lopez - First Love (Karaoke Version),https://www.youtube.com/watch?v=2Uy1smeoEZo,3.92
Lily Allen - Air Balloon (Karaoke Version),https://www.youtube.com/watch?v=oLc24dxIU_w,4.12
Train - Shake Up Christmas (Karaoke Version),https://www.youtube.com/watch?v=kcFduXEfwI4,4.3
Bea Miller - Feel Something (Karaoke Version),https://www.youtube.com/watch?v=eICk1Lz6gH0,3.35
All Time Low - Dirty Laundry (Karaoke Version),https://www.youtube.com/watch?v=dlTImpZKXSE,3.85
James Arthur - Medicine (Karaoke Version),https://www.youtube.com/watch?v=y8ODOt4uTMA,3.65
Passenger - Let Her Go (Karaoke Piano),https://www.youtube.com/watch?v=iTQb_x6neqg,4.52
Jona Lewie - Stop The Cavalry (Karaoke Version),https://www.youtube.com/watch?v=3vb17d86fCs,3.13
Leah Nobel - Beginning Middle End (Karaoke Version),https://www.youtube.com/watch?v=YFbaJJH-gAQ,3.58
Hailee Steinfeld - You're Such A (Karaoke Version),https://www.youtube.com/watch?v=OmtagUirS1c,4.27
Everybody Loves An Outlaw - I See Red (Karaoke Piano),https://www.youtube.com/watch?v=sGYVAQGPh7Q,3.75
Little Mix - Grown (Karaoke Version),https://www.youtube.com/watch?v=rAdXeUbC8Ac,3.22
Ariana Grande - Dangerous Woman (Piano Karaoke),https://www.youtube.com/watch?v=oo0WMbA7v8c,2.97
Camila Cabello - Never Be The Same (Piano Version),https://www.youtube.com/watch?v=PIP12dDzUDA,4.05
Paramore - Now (Karaoke Version),https://www.youtube.com/watch?v=FbKx9g6oyvw,4.47
Ashe - Save Myself (Karaoke Version),https://www.youtube.com/watch?v=ttT6Uv79NNM,4
Fifth Harmony - Going Nowhere (Karaoke Version),https://www.youtube.com/watch?v=EflCttRgdr4,3.88
"John Legend, BloodPop® - A Good Night (Karaoke Version)",https://www.youtube.com/watch?v=VBfyBW3q_4A,3.73
The Chainsmokers - Honest (Karaoke Version),https://www.youtube.com/watch?v=3rg_QOVArVI,3.33
Miley Cyrus - Hands Of Love (Karaoke Version),https://www.youtube.com/watch?v=jMWXbOjfRxA,4.35
Hello Christmas - Christmas Without You (Official Karaoke Version),https://www.youtube.com/watch?v=RRRvT5kfVyI,3.77
Cheryl - I Don't Care (Karaoke Version),https://www.youtube.com/watch?v=50qQwM_JcPE,4.33
Sigala - Easy Love (Karaoke Version),https://www.youtube.com/watch?v=i3yf7f98MRM,3.23
Ali Gatie - Running On My Mind (Karaoke Version),https://www.youtube.com/watch?v=s2JetLwj3-U,3.03
Tiesto and Matthew Koma - Wasted (Karaoke Version),https://www.youtube.com/watch?v=qXLbMCaW8AU,3.42
Charli XCX ft. Rita Ora - Doing It (Karaoke Version),https://www.youtube.com/watch?v=YvzTGjEvFW0,4.22
Rudimental and John Newman - Feel The Love (Karaoke Version),https://www.youtube.com/watch?v=iPt5vUHVROI,3.8
Madison Beer - Hurts Like Hell (Karaoke Version),https://www.youtube.com/watch?v=dLqohIY5Wo0,3.88
Tate McRae - slower (Karaoke Version),https://www.youtube.com/watch?v=oOr7_sX_HVs,3.43
DJ Fresh ft. Ella Eyre - Gravity (Karaoke Version),https://www.youtube.com/watch?v=7_h4ZHgURAA,3.67
"Rudimental, John Newman and Alex Clare - Not Giving In (Karaoke Version)",https://www.youtube.com/watch?v=zZEy5v8lmcY,4.1
Rita Ora - How We Do (Party),https://www.youtube.com/watch?v=pbPV7a-u3wM,4.03
Maroon 5 - Nobody's Love (Karaoke Version),https://www.youtube.com/watch?v=8dhWZLv87tw,3.95
Drake - Signs (Karaoke Version),https://www.youtube.com/watch?v=pMuMs9GmcIk,4.25
Neon Jungle - Louder (Karaoke Version),https://www.youtube.com/watch?v=LkuqdAAG8JM,3.72
Nina - Somewhere Down the Road (Karaoke Version),https://www.youtube.com/watch?v=jLfO9_Xa4bk,4.32
Jessie J - Sweet Talker (Karaoke Version),https://www.youtube.com/watch?v=8LV0EYgHhTg,4.3
The 1975 - Give Yourself A Try (Karaoke Version),https://www.youtube.com/watch?v=lusIsUUD_GE,3.65
P!nk - Today's The Day (Karaoke Version),https://www.youtube.com/watch?v=kcK7z-E8Bp4,4.28
Olly Murs - Kiss Me (Karaoke Version),https://www.youtube.com/watch?v=yFfOIB6BilA,3.87
Taylor Swift - It's Nice To Have A Friend (Karaoke Version),https://www.youtube.com/watch?v=nY7Wk1P9YjU,3.25
Gina G - Ooh Aah... Just A Little Bit (Karaoke Version),https://www.youtube.com/watch?v=QDi9tlUTQrs,3.72
Cara Delevingne - I Feel Everything (Karaoke Version),https://www.youtube.com/watch?v=SQxc3weEzpk,3.5
Ellie Goulding - Sixteen (Karaoke Version),https://www.youtube.com/watch?v=Aqf3pV6Vb8s,3.55
A Great Big World ft. Futuristic - Hold Each Other (Karaoke Version),https://www.youtube.com/watch?v=0qZwcoO-zEM,4.2
Selena Gomez - Dance Again (Karaoke Version),https://www.youtube.com/watch?v=voEqotbqmvI,3.27
The Vamps - Rest Your Love (Karaoke Version),https://www.youtube.com/watch?v=UtPwxeKHUSo,3.82
Gwen Stefani - Baby Don't Lie (Karaoke Version),https://www.youtube.com/watch?v=yxFlo4VoaTI,3.72
Ella Mai x Chris Brown - Whatchamacallit (Karaoke Version),https://www.youtube.com/watch?v=7yAlBDgU1z8,3.33
Union J - You Got It All (Karaoke Version),https://www.youtube.com/watch?v=JYHtUJ8IRss,3.85
Afrojack and Spree - The Spark (Karaoke Version),https://www.youtube.com/watch?v=gKXuYKQNA08,4.38
girl in red - two queens in a king sized bed (Karaoke Version),https://www.youtube.com/watch?v=orQTFMuH35o,3.58
They Might Be Giants - Boss Of Me (Karaoke Version),https://www.youtube.com/watch?v=QoASq_f-SSs,3.32
Clean Bandit feat. Ellie Goulding - Mama (Karaoke Version),https://www.youtube.com/watch?v=TK57e-i_v0c,3.7
Ed Sheeran - The Man (Karaoke Version),https://www.youtube.com/watch?v=TLHJWLJ6kE0,4.68
Olivia Rodrigo - favorite crime (Piano Karaoke),https://www.youtube.com/watch?v=aK7c-9sYAdc,2.8
Bea Miller - Yes Girl (Karaoke Version),https://www.youtube.com/watch?v=qXp-Km8oVLk,4.53
Matt Cardle and Melanie C - Loving You (Karaoke Version),https://www.youtube.com/watch?v=Q35XY69y4v0,3.92
Calum Scott - What I Miss Most (Karaoke Version),https://www.youtube.com/watch?v=V_nHLVkduQo,4.12
Kelly Clarkson - Invincible (Karaoke Version),https://www.youtube.com/watch?v=a03arXvEC7c,4.62
Fifth Harmony - Angel (Karaoke Version),https://www.youtube.com/watch?v=vlgK0aHqscQ,3.48
Jeremy Zucker - scared (Karaoke Version),https://www.youtube.com/watch?v=lJ9lO9iRj6M,3.87
Gabz - Lighters (The One) (Karaoke Version),https://www.youtube.com/watch?v=D2CA3imf9Vw,3.08
Nicole Scherzinger - Don't Hold Your Breath (Karaoke Version),https://www.youtube.com/watch?v=yox8cYUa8ks,3.68
Ali Gatie - Used To You (Karaoke Version),https://www.youtube.com/watch?v=zW7VS-vySBM,2.48
Lawson - Juliet (Karaoke Version),https://www.youtube.com/watch?v=Fe2BkM4Ie5o,3.55
Maddie Poppe - Going Going Gone (Karaoke Version),https://www.youtube.com/watch?v=l0ZDMjoOtD8,3.9
Demi Lovato - Body Say (Karaoke Version),https://www.youtube.com/watch?v=c9FLftozHwg,3.62
Helen Reddy - I Can't Say Goodbye To You (Karaoke Version),https://www.youtube.com/watch?v=ilxtgesTkUY,3.87
Sam Smith - How Do You Sleep? (Piano Version),https://www.youtube.com/watch?v=ZdmXls_ENVo,3.65
Katy Perry - Witness (Karaoke Version),https://www.youtube.com/watch?v=kntgOSueUZs,4.53
Marina and the Diamonds - I'm A Ruin (Karaoke Version),https://www.youtube.com/watch?v=coU-gIpBeNo,4.2
Curtis Stigers and The Forest Rangers - This Life (Sons Of Anarchy Theme) (Karaoke Version),https://www.youtube.com/watch?v=OFrRFmfq0l4,2.62
Sigala - Sweet Lovin' (Karaoke Version),https://www.youtube.com/watch?v=3BHRfD4RU8E,4.1
Taylor Swift - Gorgeous (Piano Version),https://www.youtube.com/watch?v=qE8lNvXnaCQ,3.9
Ne-Yo - So Sick (Piano Karaoke),https://www.youtube.com/watch?v=WFxNC48iS2o,3.83
Demi Lovato - Heart Attack (Piano Karaoke),https://www.youtube.com/watch?v=CxF9yi4FFyg,4
GAWVI ft. Lecrae - Fight For Me (Karaoke Version),https://www.youtube.com/watch?v=1oXomadSN84,3.7
Meghan Trainor - NO (Piano Karaoke),https://www.youtube.com/watch?v=ErVCFQxiL64,3.98
Julia Michaels ft. Trippie Redd - Jump (Karaoke Version),https://www.youtube.com/watch?v=pQZiJQDUhVs,3.8
Krewella - Team (Karaoke Version),https://www.youtube.com/watch?v=1Ehi59_-9aY,3.47
Jason Derulo - If I'm Lucky (Part 1) (Karaoke Version),https://www.youtube.com/watch?v=8dJTrL1SCqM,3.92
Demi Lovato - You Don't Do It For Me Anymore (Piano Version),https://www.youtube.com/watch?v=NjOEDHmWWDM,3.55
"Charli XCX, Troye Sivan - 1999 (Karaoke Version)",https://www.youtube.com/watch?v=AaWHi26Tsys,3.58
Engelbert Humperdinck - Love Me With All Your Heart (Karaoke Version),https://www.youtube.com/watch?v=hBsEQfDjnOQ,3.68
BIG SHAQ - MAN DON'T DANCE (Karaoke Version),https://www.youtube.com/watch?v=4v9M983S8GM,3.85
Dean Lewis - 7 Minutes (Karaoke Version),https://www.youtube.com/watch?v=tUxJnCIwyL0,3.9
joji - Head In The Clouds (Karaoke Version),https://www.youtube.com/watch?v=fRebxq1PoNY,3.18
HONNE - no song without you (Karaoke Version),https://www.youtube.com/watch?v=FdmospOE3Jo,3.05
John K - if we never met (Karaoke Version),https://www.youtube.com/watch?v=Tp4ZmcXqiIM,2.92
Duke Dumont and Jax Jones - I Got U (Karaoke Version),https://www.youtube.com/watch?v=vJA-pglQTP0,5.07
Tove Lo - Not On Drugs (Karaoke Version),https://www.youtube.com/watch?v=ehH4gnzN0Kc,3.37
Chloe x Halle - Grown (Karaoke Version),https://www.youtube.com/watch?v=K02eq35Y02A,2.93
AJR - Come Hang Out (Karaoke Version),https://www.youtube.com/watch?v=-mG2Nr-Bg7U,5.03
Charlie Puth - How Long (Piano Version),https://www.youtube.com/watch?v=AkoD5VU55tg,3.5
Nicki Minaj - Ganja Burn (Karaoke Version),https://www.youtube.com/watch?v=9uuUKgHCGnA,5.25
Magic! - Kiss Me (Karaoke Version),https://www.youtube.com/watch?v=oDLsL0K9fXQ,3.95
YoungBoy Never Broke Again - Diamond Teeth Samurai (Karaoke Version),https://www.youtube.com/watch?v=w7pspRVaej0,3.02
John Legend - Surefire (Karaoke Version),https://www.youtube.com/watch?v=8gMkfyrXBsg,4.63
Justin Timberlake - Mirrors (Piano Karaoke),https://www.youtube.com/watch?v=ocWI7EgwUFs,4.77
Simple Plan - Christmas Every Day (Karaoke Version),https://www.youtube.com/watch?v=a7aADI6WyF4,4.28
Coldplay - Christmas Lights (Karaoke Version),https://www.youtube.com/watch?v=13Tho7I-5y8,4.32
Hayley Kiyoko ft. Kehlani - What I Need (Karaoke Version),https://www.youtube.com/watch?v=aPHU3G9IKpk,3.97
Marlon Roudette - When The Beat Drops Out (Karaoke Version),https://www.youtube.com/watch?v=UEIUWpmXqQY,3.93
Post Malone - Saint-Tropez (Karaoke Version),https://www.youtube.com/watch?v=-xc-nrZmfkg,2.98
Katy Perry - Walking On Air (Karaoke Version),https://www.youtube.com/watch?v=Ys_V1kOBoqM,4.35
Lily Rose Depp - World Class Sinner/I'm A Freak (Karaoke Version),https://www.youtube.com/watch?v=wnRDx2g04r0,3.52
"Meghan Trainor, John Legend - Like I'm Gonna Lose You (Piano Karaoke)",https://www.youtube.com/watch?v=2heAh-Kj2hg,3.9
Tate McRae - uh oh (Karaoke Version),https://www.youtube.com/watch?v=KUbBLUwfz4U,3.03
"Cashmere Cat, Major Lazer & Tory Lanez - Miss You (Karaoke Version)",https://www.youtube.com/watch?v=bOu5SNbGW8U,3.42
Ed Sheeran ft. Travis Scott- Antisocial (Karaoke Version),https://www.youtube.com/watch?v=hbiNQnvinbo,3.07
Lukas Graham - HERE (For Christmas) (Karaoke Version),https://www.youtube.com/watch?v=3zlhC2AombY,4.37
Sia - Kill And Run (Karaoke Version),https://www.youtube.com/watch?v=RXYFMzmOFiY,3.75
Tove Lo - Moments (Karaoke Version),https://www.youtube.com/watch?v=kOHgVuDnknw,3.9
"Imagine Dragons - Levitate (from ""Passengers"") (Karaoke Version)",https://www.youtube.com/watch?v=FIYrNrwg8Uk,3.68
Selena Gomez & The Scene - Hit The Lights (Karaoke Version),https://www.youtube.com/watch?v=NzfUyshBHOE,3.65
Griff - Love Is A Compass (Karaoke Version),https://www.youtube.com/watch?v=zRSCaEAeJxg,3.37
Galantis & Hook N Sling - Love On Me (Karaoke Version),https://www.youtube.com/watch?v=wWKpushhiV0,3.97
Ruth B - Slow Fade (Karaoke Version),https://www.youtube.com/watch?v=iH277oxWrbc,3.68
MASN - Psycho! (Karaoke Version),https://www.youtube.com/watch?v=D1DdVAY2EGs,3.63
One Direction - Everything About You (Karaoke Version),https://www.youtube.com/watch?v=tweEp6lj8Kk,3.98
Harry Styles - Matilda (Piano Karaoke),https://www.youtube.com/watch?v=ldbNVRCLUYk,4.37
Justin Bieber ft. Post Malone & Clever - Forever (Karaoke Version),https://www.youtube.com/watch?v=1ndQ9XAqomM,3.93
Calvin Harris and Ayah Marah - Thinking About You (Karaoke Version),https://www.youtube.com/watch?v=uj6QnzPxEbo,4.4
Afrojack and Chris Brown - As Your Friend (Karaoke Version),https://www.youtube.com/watch?v=yjxk2DrFSgI,4.05
Logic - Contra (Karaoke Version),https://www.youtube.com/watch?v=hbBLNvbldTE,3.58
Demi Lovato - Without The Love (Karaoke Version),https://www.youtube.com/watch?v=t0mMztpGBO0,4.57
Tinashe - Flame (Karaoke Version),https://www.youtube.com/watch?v=Xe9qCMlQZzo,3.42
Cookiee Kawaii - Vibe (Karaoke Version),https://www.youtube.com/watch?v=FYmjVZbxbJ8,1.62
ABBA - Slipping Through My Fingers (Piano Karaoke),https://www.youtube.com/watch?v=mOxpXSge7vs,3.47
Madilyn Bailey - Wiser (Karaoke Version),https://www.youtube.com/watch?v=-AEHGMdgCkk,3.98
Trey Songz - Simply Amazing (Karaoke Version),https://www.youtube.com/watch?v=l0Gr35DNFeA,4.3
Boyzone - Baby Can I Hold You (Karaoke Version),https://www.youtube.com/watch?v=qEH9w7TFInw,3.4
"Juice WRLD, The Kid LAROI - Reminds Me Of You (Karaoke Version)",https://www.youtube.com/watch?v=SEgSqGq938Q,2.9
Zara Larsson - Don't Let Me Be Yours (Karaoke Version),https://www.youtube.com/watch?v=Ont1JfOY8tA,3.72
DNCE - Body Moves (Karaoke Version),https://www.youtube.com/watch?v=UjDsK6VFBmc,4.5
Ashley O - On A Roll (Karaoke Version),https://www.youtube.com/watch?v=F7SxTlAuv5Q,2.67
Bingo Players and Far East Movement - Get Up (Rattle) (Karaoke Version),https://www.youtube.com/watch?v=8czby-7FXsc,2.82
Gabbie Hanna - Medicate (Karaoke Version),https://www.youtube.com/watch?v=GYPT4UtfBjQ,3.63
Jason Mraz & Meghan Trainor - More Than Friends (Karaoke Version),https://www.youtube.com/watch?v=mUsL_F_jBOE,3.2
Hailee Steinfeld - I Love You's (Karaoke Version),https://www.youtube.com/watch?v=4VlkUxqL_So,3.95
HRVY - I Don't Think About You (Karaoke Version),https://www.youtube.com/watch?v=O2UI4Ii_hzw,3.17
Rudy Mancuso - Lento (Karaoke Version),https://www.youtube.com/watch?v=n0-F0tZdq8Y,2.93
Cannons - Fire For You (Karaoke Version),https://www.youtube.com/watch?v=lhLON3fUywU,4
KSI - On Point (Karaoke Version),https://www.youtube.com/watch?v=7uRkzMJLpAg,4.35
Chris Brown ft. Benny Benassi - Beautiful People (Karaoke Version),https://www.youtube.com/watch?v=3ZhUDuqg3rY,4.38
Arizona Zervas - FML (Karaoke Version),https://www.youtube.com/watch?v=i2ORSLY9CLI,4.15
Troye Sivan - Easy (Karaoke Version),https://www.youtube.com/watch?v=bIkFUo3_Y1o,4.08
Dove Cameron - Boyfriend (Piano Karaoke),https://www.youtube.com/watch?v=SFSPlENtqPA,3.02
Years & Years - Sanctify (Karaoke Version),https://www.youtube.com/watch?v=qavWosX8Qgw,3.48
Fall Out Boy - Young And Menace (Karaoke Version),https://www.youtube.com/watch?v=aV0W-jt6NI8,4.08
David Gates - Take Me Now (Karaoke Version),https://www.youtube.com/watch?v=6Z9rce3zCPQ,3.42
Niall Horan - No Judgement (Karaoke Version),https://www.youtube.com/watch?v=SRXTSa-_DvQ,3.3
Fuse ODG and Angel - T.I.N.A. (Karaoke Version),https://www.youtube.com/watch?v=wn1I-FXlkuo,3.8
Katy Perry - Small Talk (Karaoke Version),https://www.youtube.com/watch?v=w9oBVnOaKjk,3.08
Miley Cyrus - Can't Be Tamed (Karaoke Version),https://www.youtube.com/watch?v=GDOH8gxPz3I,3.25
avenue beat - F2020 (Karaoke Version),https://www.youtube.com/watch?v=6cLG11_ZA6o,3.37
Nelly - Hey Porsche (Karaoke Version),https://www.youtube.com/watch?v=xMuNX6Za6F4,3.8
P!nk ft  Wrabel - 90 Days (Karaoke Version),https://www.youtube.com/watch?v=P1lZyb3ooh8,4.03
Against The Current - Strangers Again (Karaoke Version),https://www.youtube.com/watch?v=NWDX0MiwPQU,3.98
gnash - lonely again (Karaoke Version),https://www.youtube.com/watch?v=xo64PSxIDlI,2.35
James Bay - Wild Love (Karaoke Version),https://www.youtube.com/watch?v=DVeGn_JLwcE,3.63
Tinashe ft. Chris Brown - Player (Karaoke Version),https://www.youtube.com/watch?v=zEloQsYRofI,3.9
Steve Aoki x Lauren Jauregui - All Night (Karaoke Version),https://www.youtube.com/watch?v=1kLKbljlFM4,3.73
Bring Me The Horizon feat. Dani Filth - wonderful life (Karaoke Version),https://www.youtube.com/watch?v=CsjQ1NDpUbs,4.78
Andy Grammer - Back Home (Karaoke Version),https://www.youtube.com/watch?v=pmmakNMzJ7Y,3.8
Lil Twist and Justin Bieber and Miley Cyrus - Twerk (Karaoke Version),https://www.youtube.com/watch?v=rR_tkAIIFXE,3.85
Poppy - Bleach Blonde Baby (Karaoke Version),https://www.youtube.com/watch?v=CzEZ9xmnNLw,3.82
Lana Del Rey - Video Games (Piano Karaoke),https://www.youtube.com/watch?v=tzzF4vALNhE,4.43
Ed Sheeran ft. Ella Mai - Put It All On Me (Karaoke Version),https://www.youtube.com/watch?v=WbIpVLsCWQ4,3.42
Christine and the Queens - Tilted (Karaoke Version),https://www.youtube.com/watch?v=7IaPvlHvVqI,4.47
P!nk - Try (Piano Karaoke),https://www.youtube.com/watch?v=LJRNmdCSc3Q,3.48
HRVY - Told You So (Karaoke Version),https://www.youtube.com/watch?v=7WTHUMRkPDI,3.2
Melissa Steel and Popcaan - Kisses For Breakfast (Karaoke Version),https://www.youtube.com/watch?v=Z2jPqqpNq0A,3.87
CHVRCHES - The Mother We Share (Karaoke Version),https://www.youtube.com/watch?v=sJNtB1jRQog,3.72
Anson Seabra - Robin Hood (Karaoke Version),https://www.youtube.com/watch?v=hEViWpjU3Hs,4.08
Kesha - Learn To Let Go (Karaoke Version),https://www.youtube.com/watch?v=cBj9udL0KNk,3.88
Trevor Moran - I Wanna Fly (Karaoke Version),https://www.youtube.com/watch?v=9vL1HBADzmU,3.85
The 1975 - The City (Karaoke Version),https://www.youtube.com/watch?v=pNr5LSMXG94,3.68
Charlie Puth - Some Type Of Love (Karaoke Version),https://www.youtube.com/watch?v=QVwLVXX7CHY,3.4
Bucks Fizz - Making Your Mind Up (Karaoke Version),https://www.youtube.com/watch?v=EMwBoAI-PHg,3
Cheryl Cole - Call My Name (Karaoke Version),https://www.youtube.com/watch?v=DIdYR6XUj0o,3.82
John Martin - Anywhere for You (Karaoke Version),https://www.youtube.com/watch?v=3KbcNzvOEj8,4.95
Union J - Beautiful Life (Karaoke Version),https://www.youtube.com/watch?v=7IM-A_tLqq0,4.38
Freya Ridings - Blackout (Karaoke Version),https://www.youtube.com/watch?v=msTHlwnmbQk,3.27
"One Bit, Noah Cyrus - My Way (Karaoke Version)",https://www.youtube.com/watch?v=oEKyXKL25FU,3.25
Chris Brown and Aaliyah - Don't Think They Know (Karaoke Version),https://www.youtube.com/watch?v=e76TSYl5T1A,4.3
Bad Bunny - Moscow Mule (Karaoke Version),https://www.youtube.com/watch?v=cf06sXPkNA0,4.45
Nick Jonas - Chainsaw (Karaoke Version),https://www.youtube.com/watch?v=pU_pOefSxzI,3.85
Daði Freyr (Daði & Gagnamagnið) - Think About Things (Karaoke Version),https://www.youtube.com/watch?v=paLqOMmRqG0,3.18
Lauren Spencer Smith - Fingers Crossed (Piano Karaoke),https://www.youtube.com/watch?v=Ydco4uHmanM,3.42
Candi Staton - Nights On Broadway (Karaoke Version),https://www.youtube.com/watch?v=-f2wo_2aM14,3.93
Jessie J and Becky G - Excuse My Rude (Karaoke Version),https://www.youtube.com/watch?v=rFzx3VH4vPU,3.45
No Rome ft. The 1975 - Narcissist (Karaoke Version),https://www.youtube.com/watch?v=f-Ug1J1dC-Q,3.53
Christina Perri - you mean the whole wide world to me (Karaoke Version),https://www.youtube.com/watch?v=_iummmt0xZg,2.07
LoveLeo - BOYFREN (Karaoke Version),https://www.youtube.com/watch?v=4XdwLORfj1o,2.52
Stereo Kicks - Love Me So (Karaoke Version),https://www.youtube.com/watch?v=DZa2NOnahTM,4.02
Halsey - I HATE EVERYBODY (Karaoke Version),https://www.youtube.com/watch?v=LdiU9n6vlP8,3.3
Demi Lovato ft. Sirah - Waitin For You (Karaoke Version),https://www.youtube.com/watch?v=MYeP6CTaeMM,3.67
Lil Peep - Cry Alone (Karaoke Version),https://www.youtube.com/watch?v=69LBAsBcZ-M,3
Arctic Monkeys - Brianstorm (Karaoke Version),https://www.youtube.com/watch?v=ixD5G-fzvUE,3.05
Lil Xxel - LMK (Karaoke Version),https://www.youtube.com/watch?v=fegULDqE9GM,3.37
Lil Mayo - Be Gone Thot! (Karaoke Version),https://www.youtube.com/watch?v=SuCg7ZUe8F0,1.63
The Everly Brothers - Let It Be Me (Karaoke Version),https://www.youtube.com/watch?v=DML7SdkO5ZQ,2.8
Travie McCoy ft. Sia - Golden (Karaoke Version),https://www.youtube.com/watch?v=oo96H1OG5VY,3.9
JLS - Love You More (Karaoke Version),https://www.youtube.com/watch?v=Z1Uh8Gxxci4,4.15
Little Mix - Happiness (Karaoke Version),https://www.youtube.com/watch?v=MRbbzT9iJw8,3.7
Noah Cyrus - I'm Stuck (Karaoke Version),https://www.youtube.com/watch?v=dGf12oesrBw,3.47
Sigrid - SUCKER PUNCH (Karaoke Version),https://www.youtube.com/watch?v=8cE3XUX6F20,3.65
"Lauv, Conan Gray - Fake (Karaoke Version)",https://www.youtube.com/watch?v=t4s37bZQuSY,2.85
Bea Miller - Dracula (Karaoke Version),https://www.youtube.com/watch?v=JYhavU3IhfQ,3.48
The Weeknd - Where You Belong (from 'Fifty Shades of Grey' Soundtrack) (Karaoke Version),https://www.youtube.com/watch?v=HOfKC4FGM7I,5.33
"Kygo, Imagine Dragons - Born To Be Yours (Karaoke Version)",https://www.youtube.com/watch?v=_ETGf6r1zJU,3.53
Rauw Alejandro - Tattoo (Karaoke Version),https://www.youtube.com/watch?v=CzNBYF2tGNs,3.6
Dan Hill - Never Thought That I Could Love (Karaoke Version),https://www.youtube.com/watch?v=Lqfn-J82-O8,3.62
Vance Joy - Call If You Need Me (Karaoke Version),https://www.youtube.com/watch?v=pkleV8mlxwg,3.13
DJ Khaled ft. Drake - For Free (Karaoke Version),https://www.youtube.com/watch?v=vIIIxiFzpSU,3.63
Troye Sivan - Lucky Strike (Karaoke Version),https://www.youtube.com/watch?v=fmtAusg2mls,3.87
Jess Glynne - Right Here (Karaoke Version),https://www.youtube.com/watch?v=T3LzwxVpm7o,4
Charlie Puth - I Warned Myself (Karaoke Version),https://www.youtube.com/watch?v=Eww8-Ky_VNc,3.03
Troye Sivan - Angel Baby (Karaoke Piano),https://www.youtube.com/watch?v=T4KyhB9l-L4,4.05
"Alesso, TINI - Sad Song (Karaoke Version)",https://www.youtube.com/watch?v=ARBJv24WtHs,2.82
Foxes - Let Go For Tonight (Karaoke Version),https://www.youtube.com/watch?v=_ukBxzYp6DA,4.23
The Chainsmokers ft. XYLØ - Setting Fires (Karaoke Version),https://www.youtube.com/watch?v=cQ3TSUnfNhA,4.53
Drake - I'm Upset (Karaoke Version),https://www.youtube.com/watch?v=ebgYlvQ7Jm0,3.42
Fuse ODG - Million Pound Girl (Badder Than Bad) (Karaoke Version),https://www.youtube.com/watch?v=MfL3EQaytvs,3.45
Union J - Carry You (Karaoke Version),https://www.youtube.com/watch?v=hET7cow11KQ,3.38
John Newman - Cheating (Karaoke Version),https://www.youtube.com/watch?v=QseRWDhVHsg,3.92
Benny - Boys Will Be Boys (Karaoke Version),https://www.youtube.com/watch?v=Tl90y31RWnI,4.2
"Noah Cyrus, Lil Xan - Live Or Die (Karaoke Version)",https://www.youtube.com/watch?v=b48aAThhrMs,3.48
Major Lazer ft. Ariana Grande  - All My Love (Karaoke Version),https://www.youtube.com/watch?v=msqBvKWsf7Q,3.85
"Noah Cyrus, Tanner Alexander - Lately (Karaoke Version)",https://www.youtube.com/watch?v=dnDl1hjM6AI,3.68
LANY - If You See Her (Karaoke Version),https://www.youtube.com/watch?v=rjRPAKBHFTI,3.28
Rita Ora - Shine Ya Light (Karaoke Version),https://www.youtube.com/watch?v=L0u8R04l4Mk,3.82
Zara Larsson - Don't Worry Bout Me (Karaoke Version),https://www.youtube.com/watch?v=IPTrk6ZHHoY,3.73
Samantha Harvey - Please (Karaoke Version),https://www.youtube.com/watch?v=UrFasuSeBPg,3.1
Bazzi - Renée's Song (Karaoke Version),https://www.youtube.com/watch?v=DLR8zu7aHDM,2.47
Leona Lewis - Fire Under My Feet (Karaoke Version),https://www.youtube.com/watch?v=mAH8lsmDEB8,4.03
"iann dior, Trippie Redd - gone girl (Karaoke Version)",https://www.youtube.com/watch?v=drEzuXi8mT0,2.68
Lucy Spraggan - Lighthouse (Karaoke Version),https://www.youtube.com/watch?v=kF1JFT96oWk,3.7
Marshmello  - Rooftops (Karaoke Version),https://www.youtube.com/watch?v=u-3kXgZQEBU,3.25
Jordan Pruitt - Merry Christmas Baby (Karaoke Version),https://www.youtube.com/watch?v=vavvsJmo4h4,3.85
347aidan - Demons and Monsters (Karaoke Version),https://www.youtube.com/watch?v=bD4lL-Fx_IE,3.8
Lady Gaga - Million Reasons (Piano Karaoke),https://www.youtube.com/watch?v=2Si9GK36rVw,3.62
"nothing,nowhere. - hammer (Karaoke Version)",https://www.youtube.com/watch?v=Ec4vC2QnLwc,3.75
Jessie J - It's My Party (Karaoke Version),https://www.youtube.com/watch?v=b6wXoujOMGw,3.83
Cher Lloyd - Bind Your Love (Karaoke Version),https://www.youtube.com/watch?v=EevP04l97PA,3.95
Marshmello x Juicy J ft. James Arthur - You Can Cry (Karaoke Version),https://www.youtube.com/watch?v=s4rqxsx1-7k,3.53
CMTEN - NEVER MET! (Karaoke Version),https://www.youtube.com/watch?v=hCU_wjR9hZA,2.83
Owl City - Humbug (Karaoke Version),https://www.youtube.com/watch?v=6ctk_hsJ_-o,4.92
Panic! At The Disco - Dancing's Not A Crime (Karaoke Version),https://www.youtube.com/watch?v=ZKArR5KM5mc,3.9
WSTRN - In2 (Karaoke Version),https://www.youtube.com/watch?v=zj2vI9EASdo,4.53
Shane Filan - Everything To Me (Karaoke Version),https://www.youtube.com/watch?v=SkwcAhRaEIg,3.73
5 Seconds Of Summer - Wildflower (Karaoke Version),https://www.youtube.com/watch?v=W34p3ag0qgA,4.18
Bethany Mota feat. Mike Tompkins - Need You Right Now (Karaoke Version),https://www.youtube.com/watch?v=P1OgjSlXzK8,4.07
HRVY - I Wish You Were Here (Karaoke Version),https://www.youtube.com/watch?v=RBGUINaCLtA,2.33
5 Seconds Of Summer and Scott Mills - Hearts Upon Our Sleeve (World Cup 2014 Karaoke Version),https://www.youtube.com/watch?v=Ohg5_yH0fQ8,3.92
Little Mix - Joan Of Arc (Karaoke Version),https://www.youtube.com/watch?v=Jr6MwretpMQ,3.4
boygenius - Emily I'm Sorry (Karaoke Version),https://www.youtube.com/watch?v=_0ctZUD65Xc,3.67
Jonas Blue ft. Theresa Rex - What I Like About You (Karaoke Version),https://www.youtube.com/watch?v=olNGLHKj9_c,3.9
Fuse ODG and Sean Paul - Dangerous Love (Karaoke Version),https://www.youtube.com/watch?v=dFGokH0hG_8,4.35
Little Mix - A.D.I.D.A.S (Karaoke Version),https://www.youtube.com/watch?v=wejyFn4GDcs,3.75
Madison Beer - Selfish (Piano Karaoke),https://www.youtube.com/watch?v=IH-dkzl9by4,3.98
Neon Jungle - Trouble (Karaoke Version),https://www.youtube.com/watch?v=yCanOK-R6sw,2.88
Alex Aiono - Question (Karaoke Version),https://www.youtube.com/watch?v=jQjpf57IQq8,4.13
United Kingdolls - UK Hun? (from RuPaul’s Drag Race UK) (Karaoke Version),https://www.youtube.com/watch?v=NpozZ2UHU5I,3.2
Lana Del Rey - Looking For America (Karaoke Version),https://www.youtube.com/watch?v=kAGdsoH2l3E,3.08
Rixton - Make Out (Karaoke Version),https://www.youtube.com/watch?v=NWWXvzat7lk,3.72
Miley Cyrus -  Younger Now (Karaoke Version),https://www.youtube.com/watch?v=Fmk4Hsb-A_s,4.17
Incubus - No Fun (Karaoke Version),https://www.youtube.com/watch?v=1cGYpyEFgMQ,3.78
Sage The Gemini ft. Nick Jonas - Good Thing (Karaoke Version),https://www.youtube.com/watch?v=1gfFImcYgAE,4.08
Breaking Benjamin - Blood (Karaoke Version),https://www.youtube.com/watch?v=zDug9jMBf7E,3.58
Swedish House Mafia ft. Tinie Tempah - Miami 2 Ibiza (Karaoke Version),https://www.youtube.com/watch?v=9JZi1XSvTdU,3.28
Charli XCX ft. Lizzo - Blame It On Your Love (Karaoke Version),https://www.youtube.com/watch?v=dKXbO31RmiU,3.48
X Ambassadors - Don't Stay (Karaoke Version),https://www.youtube.com/watch?v=ZUQ9xNWNSzk,3.45
Rita Ora - Radioactive (Karaoke Version),https://www.youtube.com/watch?v=Nv5boiav3ek,4.23
McBusted - Air Guitar (Karaoke Version),https://www.youtube.com/watch?v=UvyKFvSlYjk,3.67
David Guetta ft. Chris Brown and Lil Wayne - I Can Only Imagine (Karaoke Version),https://www.youtube.com/watch?v=-VxukGeyqGQ,3.83
Lewis Capaldi - Forget Me (Piano Karaoke),https://www.youtube.com/watch?v=6BPSquDTD5Q,3.77
Conor Maynard - Talking About (Karaoke Version),https://www.youtube.com/watch?v=pMfSc5VSp6o,3.62
Chris Brown - Home (Karaoke Version),https://www.youtube.com/watch?v=izr_9HpTZaU,3
Carly Rae Jepsen - Too Much (Karaoke Version),https://www.youtube.com/watch?v=lZ9ZUrgMnOA,3.53
Diplo ft. MØ - Get It Right (Karaoke Version),https://www.youtube.com/watch?v=UmEFwcj1wlY,3.2
Khalid - Right Back ft. A Boogie Wit Da Hoodie (Karaoke Version),https://www.youtube.com/watch?v=WYmdxnw2sWc,4.35
Coldplay - Hypnotised (Karaoke Version),https://www.youtube.com/watch?v=M4ZxAIzVJt8,6.17
The Gaslight Anthem - 45 (Karaoke Version),https://www.youtube.com/watch?v=o83nHAszSrQ,3.62
DJ Fresh ft. Rita Ora - Hot Right Now (Karaoke Version),https://www.youtube.com/watch?v=0Qn0loeMRQs,3.33
Migos ft. 2 Chainz - Deadz (Karaoke Version),https://www.youtube.com/watch?v=GxtFwKKSmT0,5
Amy Shark - Sink In (Karaoke Version),https://www.youtube.com/watch?v=T123rkm7x60,4.9
Daya - Cool (Karaoke Version),https://www.youtube.com/watch?v=IXx2MMuGFzM,4.07
Noah Cyrus ft. MØ - We Are... (Karaoke Version),https://www.youtube.com/watch?v=RzQ3esPuewY,3.7
Lil Pump ft. Juice WRLD - Oh Yeah (Karaoke Version),https://www.youtube.com/watch?v=Iu2CKCW9zdc,1.98
Sam Smith - Like I Can (Piano Karaoke),https://www.youtube.com/watch?v=046zCU6C5qY,2.97
BTS - Blue & Grey (Karaoke Version),https://www.youtube.com/watch?v=TKqhYZ_MRsU,4.55
Mary MacGregor - Torn Between Two Lovers (Karaoke Version),https://www.youtube.com/watch?v=JOI1FEhsMq8,4.15
"Snakehips, Anne-Marie ft. Joey Bada$$ - Either Way (Karaoke Version)",https://www.youtube.com/watch?v=AyXr1RTColg,3.52
The Chainsmokers - Kills You Slowly (Karaoke Version),https://www.youtube.com/watch?v=oCkoEMDryqA,3.78
"Nick Jonas, Anne Marie ft. Mike Posner - Remember I Told You (Karaoke Version)",https://www.youtube.com/watch?v=Zi2XxyhpRuM,3.52
AJR - Role Models (Karaoke Version),https://www.youtube.com/watch?v=TwXS-MW5vi0,3.38
Bastille - Torn Apart (Bastille VS. Grades) (Karaoke Version),https://www.youtube.com/watch?v=w8m7vg9BCaM,3.42
Phora ft. Jhené Aiko - Stars In The Sky (Karaoke Version),https://www.youtube.com/watch?v=iJFM66wRttY,4.43
"The Chainsmokers - Do You Mean ft. Ty Dolla $ign, bülow (Karaoke Version)",https://www.youtube.com/watch?v=gWBEtVoX3K0,3.5
Fifth Harmony - Me & My Girls (Karaoke Version),https://www.youtube.com/watch?v=79MtlwBg0ik,3.72
Charli XCX ft. MØ - 3am (Pull Up) (Karaoke Version),https://www.youtube.com/watch?v=BhEvk0d0zn4,4.5
Biffy Clyro - Black Chandelier (Karaoke Version),https://www.youtube.com/watch?v=16ngyFp4QdY,4.02
Iggy Azalea - Iggy Szn (Karaoke Version),https://www.youtube.com/watch?v=2OfWJZPK3X8,3.67
Nine Days - Absolutely (Story of a Girl) (Karaoke Version),https://www.youtube.com/watch?v=r-w__4au_Tc,3.37
DJ Fresh and Ellie Goulding - Flashlight (Karaoke Version),https://www.youtube.com/watch?v=jhNLW2_Oejg,3.83
Foxes - Holding Onto Heaven (Karaoke Version),https://www.youtube.com/watch?v=RxXWFl8Fmk4,3.78
Louisa ft. 2 Chainz - YES (Karaoke Version),https://www.youtube.com/watch?v=5r7uxdWzyCY,3.3
Pale Waves - The Tide (Karaoke Version),https://www.youtube.com/watch?v=xAA751IOyts,3.62
DJ Fresh VS Diplo and Dominique Young Unique - Earthquake (Karaoke Version),https://www.youtube.com/watch?v=wM-C3Z8Nem8,3.12
CHVRCHES ft. Matt Berninger - My Enemy (Karaoke Version),https://www.youtube.com/watch?v=qtOaQH1eEIQ,3.88
"blackbear, Lauv - if i were u (Karaoke Version)",https://www.youtube.com/watch?v=0M8RAAxmnts,3.27
Katy Perry - Who Am I Living For? (Karaoke Version),https://www.youtube.com/watch?v=WX2Zp0XK0G4,4.42
Spencer Crandall ft. Julia Cole - Things I Can't Say (Karaoke Version),https://www.youtube.com/watch?v=zO4MJqHd6SQ,3.12
Tom Walker -  Wait For You (Karaoke Version),https://www.youtube.com/watch?v=w5qaM7G1HnQ,3.42
Nicole Scherzinger - Boomerang (Karaoke Version),https://www.youtube.com/watch?v=3u7dyorgyBU,3.35
Charlie Puth - I Warned Myself (Karaoke Version with Backing Vocals),https://www.youtube.com/watch?v=Eyumo4hFhcE,3.02
Why Don't We - Kiss You This Christmas (Karaoke Version),https://www.youtube.com/watch?v=RpxNeN6UnWE,2.85
Megan Nicole - Electrified (Karaoke Version),https://www.youtube.com/watch?v=1OOuQ5CMQTw,3.88
"Alex Aiono, T-Pain - One At A Time (Karaoke Version)",https://www.youtube.com/watch?v=UyJzRKIhlBM,3.67
Elyar Fox - A Billion Girls (Karaoke Version),https://www.youtube.com/watch?v=yVu-4OAcMI0,3.77
Wretch 32 - 6 Words (Karaoke Version),https://www.youtube.com/watch?v=s2GEl7Ple9U,3.88
Union J - Tonight (We Live Forever) (Karaoke Version),https://www.youtube.com/watch?v=Z-mdz2aKPgE,3.65
Ne-Yo - Coming With You (Karaoke Version),https://www.youtube.com/watch?v=Z0iCPfzgPqA,4.7
James Newman - Embers (Karaoke Version),https://www.youtube.com/watch?v=xVnqSeLX84c,3.17
The Kid LAROI - Kids Are Growing Up (Part 1) (Karaoke Version),https://www.youtube.com/watch?v=vJilneCLSbU,2.25
Kylie Minogue - Into the Blue (Karaoke Version),https://www.youtube.com/watch?v=eGa2T3ilPdU,4.48
Mr. Probz - Praying To A God (Karaoke Version),https://www.youtube.com/watch?v=6reOzil6yKc,3.87
Naughty Boy and Emeli Sandé - Lifted (Karaoke Version),https://www.youtube.com/watch?v=FH4XRaC9Ze0,3.55
ZAYN ft. Nicki Minaj - No Candle No Light (Karaoke Version),https://www.youtube.com/watch?v=BC9TJI0qP7k,3.4
Matrix & Futurebound and Max Marshall - Control (Karaoke Version),https://www.youtube.com/watch?v=Rt2vt7U-6jU,4.08
ZHU x AlunaGeorge - Automatic (Karaoke Version),https://www.youtube.com/watch?v=07z6eOSpWp8,4.22
CARYS - No More (Karaoke Version),https://www.youtube.com/watch?v=xidiyjf94MQ,3.38
Naughty Boy and Sam Romans - Home (Karaoke Version),https://www.youtube.com/watch?v=2v-PoJdMsfg,3.75
Pixie Lott - Lay Me Down (Karaoke Version),https://www.youtube.com/watch?v=lfm5wEn08h0,3.77
Poo Bear ft. Zara Larsson - Either (Karaoke Version),https://www.youtube.com/watch?v=CYHSlM19CiU,3.5
Britney Spears - Showdown (Karaoke Version),https://www.youtube.com/watch?v=osaAtdKMHz8,3.65
Elina - Another Round (Karaoke Version),https://www.youtube.com/watch?v=eOk5HzVhe8g,3.17
Oliver Heldens ft. KStewart - Last All Night (Koala) (Karaoke Version),https://www.youtube.com/watch?v=rFfsmRca5SA,3.52
"Sam Smith, Koffee, Jessie Reyez - Gimme (Karaoke Version)",https://www.youtube.com/watch?v=_jq-e2QtSV4,3.1
Lucy Spraggan - Someone (Karaoke Version),https://www.youtube.com/watch?v=LRcXnBQ_nsk,2.75
Maverick Sabre - Emotion (Ain't Nobody) (Karaoke Version),https://www.youtube.com/watch?v=7SadKnEYzMI,3.77
The Kid LAROI - I Can’t Go Back To The Way It Was (Intro) (Karaoke Version),https://www.youtube.com/watch?v=x-2ogfKAZbY,3.55
Disclosure - F for You (Karaoke Version),https://www.youtube.com/watch?v=Jv7hnWeUmIM,4.37
Selena Gomez - Vulnerable (Karaoke Version),https://www.youtube.com/watch?v=ltriLBa-NkU,3.43
Rudimental and Foxes - Right Here (Karaoke Version),https://www.youtube.com/watch?v=d20XBaOnzOY,5.53
Tulisa - Living Without You (Karaoke Version),https://www.youtube.com/watch?v=6QSsqDgUn20,3.67
Matrix & Futurebound and Tanya Lacey - Don't Look Back (Karaoke Version),https://www.youtube.com/watch?v=kt0Bv3RSAL8,4.37
